sender,window_start,window_end,unique_receivers,tx_count,total_amount,avg_amount,receivers
382301928,2022-10-07 14:09:40,2022-10-08 14:09:40,23,121,222092847.13000003,1835478.0754545457,"[132540540, 7554692651, 5879329513, 6925687174, 1171621797, 2997382027, 4694215429, 1845374589, 6780579495, 6415899536, 987291177, 5329412450, 5337986504, 4690192005, 4314506477, 6887794961, 4288183938, 8779084902, 7074820857, 1099551900, 5714785097, 9414309774, 8187211189]"
22513864,2022-10-08 11:00:04,2022-10-09 11:00:04,22,59,133161004.61,2256966.1798305083,"[7610915043, 3027427851, 1773578749, 9564252121, 373448834, 5452695851, 1600473547, 6717103020, 5564060135, 8524970106, 7964844276, 4892246257, 8252615893, 6223688307, 6162056662, 5404524265, 8460638881, 5874852594, 2394424030, 4572701376, 5701709669, 4400823436]"
8976725341,2022-10-07 18:32:10,2022-10-08 18:32:10,22,181,356177799.86,1967833.14839779,"[214371144, 1247105025, 6849992194, 4183927287, 9369865396, 3744718925, 222662635, 8455047940, 5996993072, 3800021184, 8703908522, 5647894873, 9011165895, 6099984481, 251215210, 2847427025, 9061161997, 7648062821, 9558859486, 5485223535, 7076351722, 5909322096]"
7758268667,2022-10-07 16:23:36,2022-10-08 16:23:36,22,126,238891020.87,1895960.4830952382,"[9781013421, 7889074144, 3325153054, 6000485397, 4048410232, 9088520781, 8992041252, 301740914, 7778416970, 8969112643, 5660302132, 4389103342, 9609750441, 1709703404, 4313894778, 7505089539, 5402206630, 3795566341, 5982526038, 9940921949, 4976631297, 1580174383]"
7658664999,2022-10-09 19:01:33,2022-10-10 19:01:33,21,82,198751008.06,2423792.781219512,"[1644852353, 1723028818, 6022385433, 6026775073, 5225209870, 8186695145, 6377056352, 6587091992, 4989829210, 644964798, 6427247979, 6598620661, 1454815647, 8003776188, 5969671453, 6185573307, 3802846905, 3687267058, 7988710479, 2047454734, 4565152852]"
7281632640,2022-10-08 14:28:44,2022-10-09 14:28:44,21,138,280578112.23,2033174.7263043479,"[5806969213, 5975966547, 8461948368, 100652286, 1800875573, 7337630269, 8157000390, 1607913802, 203175767, 276165333, 9135482734, 6801953622, 4847102737, 9578418056, 4428870189, 3761616656, 7782978956, 1882330103, 7592543365, 5699641923, 3772466343]"
15297964,2022-10-07 17:02:38,2022-10-08 17:02:38,21,144,222091783.34,1542304.0509722224,"[4544221040, 4463744574, 1331773972, 5578160480, 6102294322, 8890782825, 1196439359, 6072085996, 2476294286, 4694822883, 9979602678, 4670497208, 1229122251, 5672796597, 5113413203, 9435350694, 2760173657, 957614897, 9815091404, 8268990145, 5101026604]"
1452170043,2022-10-08 13:45:40,2022-10-09 13:45:40,21,165,281061102.20000005,1703400.6193939396,"[8776426410, 4743502314, 6652146152, 7996504990, 7567436500, 5242136974, 9826949417, 312587592, 6494105408, 2520902129, 3068195840, 3736723227, 5945037847, 4172949038, 8385129813, 4276405522, 26166053, 5561760918, 7548542814, 3006191203, 3845174]"
1440303656,2022-10-10 12:30:15,2022-10-11 12:30:15,21,96,271056565.28999996,2823505.8884374998,"[3619237264, 801241970, 4384755530, 8990912535, 2263226370, 1643418144, 2377561678, 3232170420, 9919144460, 4686475206, 4905927033, 649707025, 1006767770, 55299666, 7564173616, 1936158440, 3041461449, 7205454923, 7547756795, 8398724116, 6844119771]"
3510078932,2022-10-07 14:47:52,2022-10-08 14:47:52,21,123,230383531.73,1873036.8433333333,"[2683968729, 9418077278, 8722924810, 823626823, 651572065, 360722730, 2749487707, 1861324833, 9858029207, 3923530563, 2436228903, 8841984234, 1379534157, 8127821541, 1625701030, 6544532856, 9059301099, 447279624, 2759163705, 3942313840, 1265649900]"
2365007895,2022-10-07 10:42:18,2022-10-08 10:42:18,21,198,446530045.07000005,2255202.247828283,"[6763420838, 5866348729, 6618026760, 7623292529, 8015553278, 2166082350, 2695185687, 7142479189, 9797294707, 2812285491, 835293711, 5042424090, 4301159904, 5745861775, 3353965610, 3606979593, 5832927076, 5391949334, 2954469099, 5021091640, 2127570174]"
3105440237,2022-10-08 15:14:39,2022-10-09 15:14:39,21,114,257076118.12,2255053.6677192985,"[9799010156, 7672688132, 3966322172, 771910966, 6009079114, 1651451050, 980361367, 1694594646, 5971722123, 5317752127, 9388309386, 9949336655, 4195479849, 6380831333, 8106322071, 1539388923, 8355838696, 2914624634, 4571164513, 7538820534, 131610415]"
6984051591,2022-10-08 20:33:57,2022-10-09 20:33:57,21,223,412264394.5500001,1848719.2580717492,"[5060924139, 2046873647, 2709460989, 1533601707, 7229126374, 1450169691, 8076394177, 5257932014, 5329217150, 6084028028, 3899391322, 4515014565, 8239746487, 8294051314, 4689632368, 7812927200, 6003390509, 7144873501, 5064534423, 5523012689, 2600806848]"
5807029204,2022-10-08 12:37:21,2022-10-09 12:37:21,21,160,309275747.75,1932973.4234375,"[9046633785, 3723549027, 4944445275, 5595852926, 9425951682, 5691338711, 7287778364, 4235587054, 1265624795, 5141343289, 8947821589, 6018215010, 8141205191, 3616247514, 277481665, 5111157695, 3299397952, 325783240, 7177880212, 4612671043, 1150621555]"
4818677420,2022-10-09 23:49:49,2022-10-10 23:49:49,20,189,336154515.17,1778595.3183597885,"[1837024640, 1980493160, 8089115888, 1529360030, 4694515915, 4274995898, 7033753656, 9597643626, 7342113705, 9043380821, 4135369509, 552887287, 7780084240, 9455746178, 5913276167, 7013828959, 9562749454, 7167905732, 6237812695, 7989831193]"
7841445194,2022-10-09 17:14:45,2022-10-10 17:14:45,20,83,132181863.23,1592552.5690361445,"[4955320558, 8770609414, 1856743038, 7154321929, 1562142648, 7063865320, 3544442581, 355403298, 7772634611, 8916275306, 6718514335, 977579130, 7439946594, 6825546109, 3823708035, 6560729012, 1029943585, 7933161816, 4361744896, 5259514559]"
7669236826,2022-10-07 19:56:09,2022-10-08 19:56:09,20,69,116447978.38,1687651.86057971,"[2595978516, 6944062928, 4059905714, 7637012883, 7389041504, 9616268671, 4294761058, 3794172311, 7207182461, 9544469020, 375015805, 1675218057, 185269563, 5112224952, 2685958910, 7074900925, 6044424887, 7708305681, 8384550734, 6127165731]"
3117792558,2022-10-09 13:13:36,2022-10-10 13:13:36,20,164,366898244.81000006,2237184.419573171,"[7365478302, 267839288, 6300707446, 7300745196, 7408954408, 83444565, 7749426866, 8148438387, 6324744823, 6227666224, 4434246782, 895612579, 578974399, 7099713953, 211108244, 1347308721, 84903245, 861337974, 8016651417, 6101241353]"
6866904556,2022-10-08 18:16:25,2022-10-09 18:16:25,20,66,143502875.41,2174285.991060606,"[9828109711, 4601080106, 3768723181, 7622397710, 3181783481, 7370703642, 45625111, 1511160173, 2115128329, 4600037750, 5223597121, 8641807235, 350911444, 8289853217, 6566153103, 5196471331, 2164390433, 4627150920, 8480881282, 996401452]"
9576332582,2022-10-07 14:18:28,2022-10-08 14:18:28,20,101,232797487.90999997,2304925.6228712867,"[9381468891, 5374794058, 180503232, 8519329315, 6593775453, 225672824, 4976100924, 2468864683, 5477907499, 1573324307, 4845082608, 5424455255, 2265985321, 4529349515, 5164725833, 5439466693, 871726823, 9033468319, 1045226910, 6816830277]"
3801046275,2022-10-08 08:58:10,2022-10-09 08:58:10,19,35,81082252.72999999,2316635.792285714,"[7122282716, 5259491894, 2427416459, 1314939745, 8559794955, 3516135376, 5773805475, 4072008278, 8242178237, 3606009693, 3336336537, 6262302428, 4111798056, 8391182998, 4650326594, 9291353546, 9133421663, 7597425854, 4473337212]"
4258900635,2022-10-10 00:20:52,2022-10-11 00:20:52,19,195,449742078.41999996,2306369.632923077,"[5265208434, 9165659061, 9696487267, 3745723091, 3457151336, 4623946169, 7510722278, 2516545241, 7625306680, 1955143087, 6339886192, 2341728358, 643151187, 18793839, 5787887636, 4263296214, 6330446254, 5575765025, 8132167536]"
4236621242,2022-10-09 22:20:19,2022-10-10 22:20:19,19,174,309506587.87000006,1778773.4935057475,"[1785226433, 82069328, 4701322645, 6656833930, 3265363982, 3250485175, 3749893750, 4594587550, 4015397062, 4361390639, 3718873798, 3607530378, 9064386062, 9786293025, 4442822517, 1431717121, 9285485828, 1694593131, 6077920465]"
9626688740,2022-10-10 09:18:33,2022-10-11 09:18:33,19,138,368556345.35,2670698.154710145,"[3161312965, 258180250, 4211964597, 542143918, 5185609863, 8668375546, 1312997422, 9517726215, 5970603271, 6436329105, 892444428, 4897364538, 4441880609, 6668151271, 3696480261, 8435355910, 3950529749, 3816423241, 3219147946]"
9669018057,2022-10-09 19:01:38,2022-10-10 19:01:38,19,69,136434414.07,1977310.3488405796,"[5305066335, 9644300215, 1523915833, 3026395353, 5330032450, 5721364385, 8166610868, 6551117233, 88670767, 250447849, 691948610, 1771920706, 9787441219, 599496844, 765534940, 2993757192, 4113892075, 8726184088, 4645005285]"
8456279067,2022-10-07 11:22:57,2022-10-08 11:22:57,19,162,387070335.54999995,2389323.058950617,"[3461031378, 1194597483, 2341493832, 4629995866, 8078722188, 1212654276, 1831928079, 8073790137, 3681770380, 3889335486, 4358275767, 8374633169, 8572828015, 5344331047, 330109509, 7743294128, 5441570240, 2524044622, 5728170066]"
3012746565,2022-10-08 01:26:28,2022-10-09 01:26:28,19,243,396062432.61,1629886.5539506173,"[2995640871, 9641710605, 1257205971, 4237559802, 6527302381, 3491644370, 6017867648, 8319216002, 8483912225, 7050602971, 8259280681, 5350893473, 9005528829, 2128407916, 8267477449, 1215784365, 7117392135, 1201997891, 81900658]"
6942980357,2022-10-09 19:58:57,2022-10-10 19:58:57,19,56,123275913.6,2201355.6,"[872289593, 8187214970, 5335986923, 9304522996, 8594283400, 1679798323, 4640077303, 9048435494, 3623438958, 5485665624, 4249751771, 6235609460, 7109999805, 2543894758, 9382125018, 8170554146, 8658962770, 3700031272, 9264339799]"
9067453186,2022-10-08 09:14:21,2022-10-09 09:14:21,19,199,440732401.94,2214735.6881407034,"[1541789202, 9352878269, 9633558770, 8772241274, 5949498223, 6669523412, 5834183699, 4165488144, 5142450507, 4559572237, 8076932277, 526685188, 2593503655, 3079899553, 8836010857, 3847915015, 1474604465, 8559483617, 6550070345]"
7421451752,2022-10-07 11:36:34,2022-10-08 11:36:34,18,149,275460759.13,1848729.9270469798,"[887047763, 4086663568, 4492966047, 804519509, 3557538160, 2755709071, 1702377336, 7591504865, 6790400322, 1160338470, 4009702480, 1103906765, 1300373577, 5071229415, 2376022691, 9906229651, 7906564494, 951891649]"
2291838548,2022-10-09 16:41:33,2022-10-10 16:41:33,18,119,187091314.5,1572195.9201680673,"[1906917059, 7519685280, 4050887270, 3589512529, 3618777968, 5032495648, 4119390776, 9031007542, 2883736376, 5477524211, 8281085616, 5813113974, 5543735185, 1201039293, 6494531632, 5307484898, 2987603243, 505127956]"
461573471,2022-10-09 16:01:44,2022-10-10 16:01:44,18,106,192886291.79999998,1819681.9981132073,"[1566517557, 2720056270, 5674588526, 4279529624, 7478902767, 9083925215, 9765250693, 3003310796, 2328533091, 958948591, 8146892323, 9056480143, 895819325, 2904774458, 8314227163, 2344663364, 1031532602, 3847740074]"
2259747387,2022-10-08 16:44:05,2022-10-09 16:44:05,18,88,187463746.33999997,2130269.8447727268,"[6359354614, 9378969374, 7562833956, 7342312071, 2534800825, 5163498540, 5618648389, 5558313968, 6999937996, 4731452217, 7950771454, 9666496374, 8042230388, 1330721894, 7291227094, 9005188784, 4804707706, 6985444909]"
1915450576,2022-10-07 16:57:28,2022-10-08 16:57:28,18,84,141867693.61999997,1688901.1145238092,"[4701651456, 2933259781, 1662926606, 4706175310, 3772874052, 8816009605, 7468510228, 2877524268, 2088570270, 7315208637, 5162401694, 6338941383, 6846852475, 1020934931, 9391166135, 4788192514, 5510366236, 9424448642]"
6904668523,2022-10-07 16:53:23,2022-10-08 16:53:23,18,80,158359238.11,1979490.476375,"[3540529623, 2361327503, 1140410616, 9440622206, 6960206116, 9408376441, 545403361, 9136460589, 645194991, 3087234008, 1378700258, 1546051426, 6643039893, 4959470648, 2055564858, 8495708636, 3775919892, 3466278150]"
1694897764,2022-10-08 16:41:37,2022-10-09 16:41:37,18,91,161054649.45,1769831.3126373624,"[3930316993, 9519115669, 1146627254, 4614141828, 5756541602, 6793129275, 4980441852, 9788268798, 2595069632, 9548047712, 7273911752, 2166105471, 5795051903, 1882402781, 296618548, 9374392005, 4636181436, 5178936117]"
5395444323,2022-10-10 02:43:03,2022-10-11 02:43:03,18,172,291054996.26,1692180.2108139535,"[7516168172, 5685211434, 7040694789, 5785873468, 2580684458, 797899800, 7939078716, 2070516366, 2544041821, 3731842255, 3923367056, 5439369344, 1638295226, 4464304266, 9478080953, 401413247, 3901550684, 9393956411]"
7515507252,2022-10-08 23:09:40,2022-10-09 23:09:40,18,214,588735631.97,2751101.083971963,"[8431519161, 6336266323, 1359254921, 7462166034, 6723823213, 9736502970, 8389716943, 6018787951, 4990012355, 3123340215, 3410399859, 2593377594, 104366867, 8660263903, 2930665512, 6833430057, 5725452657, 1654763337]"
8897351842,2022-10-10 13:50:02,2022-10-11 13:50:02,18,75,163143556.72,2175247.422933333,"[3922994892, 229559908, 7666435417, 9408481254, 8095559103, 5738200956, 843614184, 3744308149, 8740117729, 6761808367, 3475112238, 5604840887, 975109830, 2658944927, 8864669368, 6645883697, 4185389240, 8490919313]"
4036496501,2022-10-08 12:59:16,2022-10-09 12:59:16,18,145,261055961.55,1800385.941724138,"[5604881179, 8414617044, 3325277277, 9433611761, 1154832957, 5785215418, 4866516048, 9335020486, 3417427213, 5624521098, 1735234947, 1502857350, 6961890087, 4454225315, 4673657292, 8470676194, 4707117676, 9534414644]"
5100061329,2022-10-08 15:40:31,2022-10-09 15:40:31,18,113,297831101.76000005,2635673.466902655,"[3940878380, 6283019930, 9876270285, 6579852289, 2751166983, 7950037667, 4959469592, 9218728104, 5280793168, 7652331260, 6791588229, 6490789426, 1005049826, 7742462718, 7915992044, 5536392467, 8529029915, 6346306981]"
6256594723,2022-10-08 06:16:37,2022-10-09 06:16:37,18,210,439745676.72,2094027.0320000001,"[6868508316, 6695076225, 9312036040, 9406207689, 1397328043, 1166673316, 5591483480, 1265108753, 6216230043, 5147152748, 3170152931, 7624620304, 6970787620, 1321815736, 5620785930, 6066366106, 4025193858, 7899156394]"
9488576075,2022-10-09 15:02:52,2022-10-10 15:02:52,18,128,274556565.61,2144973.168828125,"[1111365703, 9552671005, 4330334583, 9522076465, 3272415728, 1270334868, 6690231006, 2651812102, 4139341877, 9126967098, 7631841072, 4922231603, 7866894240, 6256003642, 2562918229, 8959668525, 5926419769, 1402935656]"
4775429005,2022-10-07 13:57:34,2022-10-08 13:57:34,18,96,167179897.66000003,1741457.267291667,"[7405986836, 3717146856, 1225973582, 6688132878, 846890499, 2417697237, 7969597594, 7997093861, 7244142994, 8644795760, 2371573423, 9566530478, 7792553139, 2932729069, 6215699516, 8432311239, 9746012415, 2940278035]"
432088669,2022-10-09 15:08:11,2022-10-10 15:08:11,17,93,173945184.23,1870378.3250537633,"[7875305402, 5994695229, 2283225069, 3915164860, 9097685812, 1470718134, 8706393472, 5227349647, 9539132082, 3532995300, 7490169476, 8285260174, 1327813463, 2681480973, 8661874356, 2170472867, 3122903955]"
7501327339,2022-10-07 15:55:20,2022-10-08 15:55:20,17,97,195736736.40000004,2017904.4989690725,"[5481350266, 3230579354, 1073749339, 8562263055, 2814280916, 7122039154, 9329185542, 9848553102, 6357364082, 6987770930, 4057865559, 4961006135, 3546968911, 8617863283, 881702872, 8061984977, 2477870427]"
8840065859,2022-10-08 15:08:09,2022-10-09 15:08:09,17,99,220070155.40999997,2222930.8627272723,"[791644227, 1776337712, 7386128280, 2979572568, 6518498064, 2312320081, 4572541935, 5092790396, 9321941322, 3223572449, 9007749260, 6833031724, 3491866784, 274112021, 5696372636, 6233678449, 4584123254]"
9528925785,2022-10-09 14:09:15,2022-10-10 14:09:15,17,124,272079463.94,2194189.2253225804,"[9479784506, 6866569707, 2405173616, 2614671492, 7027847107, 5298875672, 9037889285, 9829571044, 2395202510, 4141150187, 1694772911, 7569546197, 6560716568, 526862867, 7502960852, 6692380280, 8253958764]"
6086421020,2022-10-07 16:07:28,2022-10-08 16:07:28,17,88,177448497.76,2016460.2018181817,"[674564051, 3504466346, 3819548816, 1695365423, 8785037379, 7909637145, 7141835964, 1799978362, 5888689265, 8140432476, 2415686992, 5033682319, 1253036863, 7011505686, 4967072739, 6624920676, 7826598478]"
2733277823,2022-10-08 18:13:48,2022-10-09 18:13:48,17,71,128671551.78,1812275.3771830986,"[5334852636, 3485218560, 3281115665, 1414251861, 1370857011, 6053536351, 5578560894, 1016044206, 9050584135, 9104743533, 7081732547, 7672700099, 7927448937, 2576039330, 4725576143, 4443397833, 2632162217]"
4238888536,2022-10-10 12:27:09,2022-10-11 12:27:09,17,88,181672269.20999998,2064457.6046590907,"[9018269472, 5071787219, 5122425274, 4874986253, 9844029578, 6590446520, 5412877777, 2707924591, 1051373559, 4175462617, 5078233036, 5040920698, 186313657, 3949148531, 8697559339, 3324594498, 4651695131]"
2797271466,2022-10-07 16:13:59,2022-10-08 16:13:59,17,87,143710737.20999998,1651847.5541379307,"[7981094247, 210242051, 5914713322, 3623805856, 1984629662, 9599693960, 8149040968, 9982628328, 9268354965, 4528663768, 5633100295, 8954944757, 8586189106, 1856317214, 4525312913, 1492744665, 5260929241]"
4460662106,2022-10-10 10:21:40,2022-10-11 10:21:40,17,122,217119283.03,1779666.2543442624,"[8113031559, 7473426371, 2876677995, 5773154674, 8111088322, 7141273179, 6659654055, 7439255927, 2977639888, 9418075563, 4698769820, 8527405557, 1795847983, 74612205, 4313296235, 9812052903, 4999025574]"
9712777488,2022-10-09 19:18:30,2022-10-10 19:18:30,17,60,107206058.58999999,1786767.6431666664,"[5640203788, 7207857827, 4339484347, 5783207143, 9845005617, 2710978477, 644678123, 6495316050, 3214297191, 3496076800, 8664521621, 6453431435, 9156675593, 9232049889, 9958943769, 9711336681, 9178809177]"
3614082527,2022-10-07 20:02:03,2022-10-08 20:02:03,17,60,122505920.08,2041765.3346666666,"[4993238031, 3673994895, 9145896387, 7050565101, 3833545196, 1732858296, 2547799506, 219930770, 5318241045, 833800673, 1542761342, 2483418869, 6066458462, 7590986319, 3099235880, 8915336540, 4917300261]"
9757832519,2022-10-09 05:13:46,2022-10-10 05:13:46,17,206,438288062.33000004,2127611.9530582526,"[5189452465, 3338244866, 9091509338, 9043891802, 1281750233, 4784130882, 8641900850, 1169849953, 1518289333, 1682671951, 9416367333, 1548142192, 1873158822, 5331063737, 8150826896, 5835634305, 2840005767]"
9967071805,2022-10-08 01:03:18,2022-10-09 01:03:18,17,206,383872419.05,1863458.3449029126,"[6845562716, 3458088175, 2574250529, 6431377526, 4581021904, 2720595362, 4210348478, 697322605, 7520175198, 5175312239, 8806260037, 7161786436, 5808872770, 3035818294, 1749514474, 7797941635, 1154410471]"
5021785800,2022-10-07 10:46:57,2022-10-08 10:46:57,17,172,259529664.48000002,1508893.398139535,"[4065028145, 5064372260, 4808988417, 9745680135, 3167188969, 4135708880, 1883329014, 9085148554, 737679962, 9199525861, 4851478280, 8611137585, 2626537854, 7659797939, 5672438828, 5844287414, 2635664422]"
3567137720,2022-10-10 12:33:00,2022-10-11 12:33:00,17,87,197353244.34000003,2268428.095862069,"[2999784873, 8283126840, 1668954212, 550464251, 8079314592, 6864245934, 2051689138, 5487812071, 2167687734, 1914989231, 6913568100, 8584541195, 2413844371, 8209633823, 6983396951, 5577976963, 9493138201]"
9888309548,2022-10-08 16:20:03,2022-10-09 16:20:03,16,88,165169507.71,1876926.2239772729,"[1361139909, 4309816875, 3573153840, 9181022173, 4278172088, 4453370366, 7146742228, 5775383785, 2252184509, 429143115, 6691152222, 9169713642, 4330287395, 5153107650, 1842156925, 7064174950]"
7978364483,2022-10-09 04:55:28,2022-10-10 04:55:28,16,168,420087705.84,2500522.0585714285,"[8939572127, 194596845, 1418664373, 6969881250, 2456326165, 4238979290, 1368136355, 3924911837, 766694181, 5374339818, 5190245021, 6966380282, 7299935765, 7134122144, 9707608003, 6392613520]"
3168051873,2022-10-07 20:55:19,2022-10-08 20:55:19,16,45,74980442.44000001,1666232.0542222224,"[5677353991, 2602962590, 6883932008, 9923312753, 6160971830, 365650600, 999810092, 9757535272, 5311176192, 7611326985, 4856706287, 7900569005, 6138274964, 7221383296, 6577346174, 9185149542]"
2603686237,2022-10-10 14:52:15,2022-10-11 14:52:15,16,50,97812700.74999999,1956254.0149999997,"[9088088079, 2389071208, 7758568071, 6157045395, 6481467274, 7170764225, 397488876, 801220873, 8292939990, 5486249991, 5655430192, 922878502, 2454335123, 4055599695, 377401812, 3303791227]"
6125861644,2022-10-08 19:10:15,2022-10-09 19:10:15,16,51,75899411.76,1488223.76,"[7969592204, 2926233861, 1158483582, 1149843733, 3678300937, 6502881263, 3137099016, 6799753670, 4219044477, 2831653186, 7650021644, 2776435168, 6579941828, 5484357686, 5162282329, 1697231913]"
3115773619,2022-10-08 11:13:08,2022-10-09 11:13:08,16,144,218716386.15999997,1518863.7927777776,"[9996931092, 3749869906, 4541505823, 2176281595, 4472584922, 3005401476, 9830909051, 1568956705, 686667395, 8883103521, 5991904161, 4619133817, 3016028788, 5357326516, 5219685098, 4200786041]"
3779315815,2022-10-10 08:17:49,2022-10-11 08:17:49,16,129,273321374.92999995,2118770.3482945734,"[8147889084, 3870388752, 4376993976, 9565407640, 2552386058, 4895639450, 3931253880, 7315889939, 5860104262, 9998786264, 4099756389, 4489229361, 606755395, 8810434017, 253764549, 4085137115]"
1378784400,2022-10-07 10:43:31,2022-10-08 10:43:31,16,153,239564897.27999997,1565783.642352941,"[7897279705, 7780773895, 9278521151, 8436759372, 8410469287, 954066234, 7373473711, 5224271258, 8430883282, 6533060638, 1672094971, 2773607558, 8617902721, 3466246214, 5487057243, 7788695389]"
8067382521,2022-10-09 00:11:26,2022-10-10 00:11:26,15,195,412225088.66,2113974.8136410257,"[7165716181, 7878487558, 5053147020, 1557200397, 8301861053, 5282994099, 6626314247, 1107443016, 5997759358, 8722894310, 8867262001, 3802452281, 195328358, 8367215344, 4023978866]"
4664877025,2022-10-08 20:47:31,2022-10-09 20:47:31,15,31,61038023.47,1968968.499032258,"[4931345719, 3328955534, 4762836696, 323109854, 1108791652, 3981482251, 2384622929, 1989168462, 2558629511, 9612730291, 1123608193, 967364383, 2920515972, 7283084183, 7678285835]"
9902740361,2022-10-08 08:05:52,2022-10-09 08:05:52,15,147,297905698.42999995,2026569.3770748295,"[1151484018, 7118495044, 2318175898, 5372474360, 3530086466, 6531568435, 9897069768, 8409077180, 5427974633, 7385163624, 3938144179, 4754354646, 9478393549, 6661172423, 2174425412]"
3715605708,2022-10-08 09:28:08,2022-10-09 09:28:08,15,154,249062816.71,1617291.0175974027,"[9988550611, 9481037695, 5665550747, 3601617186, 2621804460, 8300851765, 7667807037, 8181393220, 229273201, 5104124074, 3630659155, 7471140235, 6614751978, 709854751, 8401758887]"
9519059015,2022-10-08 22:30:36,2022-10-09 22:30:36,15,135,378983718.8,2807286.805925926,"[6166545418, 4368240285, 6171131550, 9124760013, 4760524792, 3675675075, 4028317669, 6264385241, 6131328698, 1102788497, 4508005062, 2874097684, 9723229319, 6688978712, 3110402807]"
3709430533,2022-10-07 21:45:48,2022-10-08 21:45:48,15,23,35882377.54,1560103.3713043479,"[7543250720, 5326123158, 9098452243, 192121676, 7472952117, 9172843471, 8223450970, 4125359800, 8716511495, 2002969578, 1421203789, 2300358725, 2273742965, 3402269996, 7533502896]"
6383376805,2022-10-08 13:50:43,2022-10-09 13:50:43,15,104,234045818.82999998,2250440.5656730765,"[5266268381, 3831108119, 9027990956, 6840728855, 881167260, 374490858, 6370602057, 4226969317, 3081515835, 4072189747, 2751181835, 5329140796, 7095685615, 5859238945, 8475927266]"
9962045497,2022-10-07 23:11:54,2022-10-08 23:11:54,15,150,260164068.08,1734427.1205333334,"[2923367726, 3338691707, 175759868, 6213151828, 5981719293, 8746734426, 8706543674, 4478493548, 5576262296, 9838354195, 5154211715, 3042738562, 7745460312, 7764206683, 5322648755]"
1192666467,2022-10-08 21:45:21,2022-10-09 21:45:21,15,29,63439397.34,2187565.4255172415,"[9400276562, 881042358, 8221465347, 3070451443, 9782962788, 4371897710, 9085533738, 3455208124, 3515011097, 7069458193, 6215249815, 3305307944, 4066398892, 1900364108, 2540885529]"
5981545606,2022-10-08 09:06:26,2022-10-09 09:06:26,15,126,267425769.04999998,2122426.7384920632,"[1193642814, 922073137, 733555577, 7996804468, 7774476790, 4824843871, 5416760131, 2572951477, 4133108945, 6677153781, 3000479580, 8436693415, 6836413601, 9158994074, 5542078329]"
8677342804,2022-10-07 23:51:45,2022-10-08 23:51:45,15,180,337537559.90999997,1875208.6661666664,"[5919605077, 1773339364, 8287554205, 6481259680, 659981251, 8996525545, 2668615644, 7096409780, 7856007912, 2795230473, 4753044986, 1083233388, 5106266554, 6238765586, 7246939838]"
7143169330,2022-10-09 12:49:47,2022-10-10 12:49:47,14,97,182593071.62,1882402.8002061856,"[3730056134, 9467174838, 1504552533, 7770519630, 8780286130, 9348956712, 4299644647, 2312232905, 2894772172, 1444560662, 164316379, 4255761245, 2005101810, 9563425926]"
1967856328,2022-10-08 15:00:32,2022-10-09 15:00:32,14,79,142210474.18000004,1800132.5845569626,"[1663316424, 7874509146, 8110969385, 2300097330, 5904798872, 5024784129, 8356789193, 6620252641, 584381812, 59967217, 6254092898, 716220817, 2844389499, 5757206817]"
3610413384,2022-10-08 18:49:45,2022-10-09 18:49:45,14,58,101674316.8,1753005.4620689654,"[5524181632, 7630617662, 4530745826, 6096158703, 3310654654, 5244464830, 3281796799, 4027223173, 8572339812, 2582163682, 8922274556, 7882716913, 3692317006, 5725836539]"
3670250519,2022-10-10 17:37:14,2022-10-11 17:37:14,14,26,44533857.089999996,1712840.657307692,"[9444219029, 6311296047, 8891568669, 9516574359, 3874361883, 5074726862, 6645832526, 3173381475, 624378330, 1680457077, 442241829, 7296783621, 1380016916, 5406194311]"
4960542211,2022-10-09 08:49:53,2022-10-10 08:49:53,14,144,339303931.89,2356277.3047916666,"[7985196948, 8523230801, 1782009902, 9430017731, 5369817534, 9670598384, 6296321623, 3361978205, 6855001242, 249495711, 118539611, 1917327462, 4861908438, 3567535040]"
2560729153,2022-10-08 08:42:13,2022-10-09 08:42:13,14,153,255086142.51,1667229.689607843,"[2635323207, 5984515792, 8055815158, 2735492921, 1949379413, 9727389305, 9109933466, 6489659898, 1661836279, 9764208750, 2182266997, 1601405848, 9588466465, 7571448221]"
5982914936,2022-10-07 18:51:40,2022-10-08 18:51:40,14,47,96514700.19,2053504.259361702,"[1167200543, 6615626527, 7927090992, 7950918410, 1270377715, 8258784226, 9386007080, 9491670243, 6611885027, 5903480509, 7629589738, 7504808702, 1509557999, 4409725873]"
6587765854,2022-10-08 22:07:15,2022-10-09 22:07:15,14,145,331398066.73,2285503.908482759,"[9028862627, 2235958866, 8360552346, 7393131517, 250476522, 8705682476, 3177681929, 6950349516, 4750577817, 281958800, 4596045076, 1230671602, 3223091825, 8893143373]"
7439554821,2022-10-09 16:48:01,2022-10-10 16:48:01,14,105,169097527.54000002,1610452.6432380953,"[7229017219, 7091285437, 2739381562, 6656160994, 9598409850, 2509740709, 1009575426, 2146053310, 4311325004, 3777639725, 7241832399, 3033603290, 7018847027, 2693466504]"
8868041379,2022-10-10 11:03:28,2022-10-11 11:03:28,14,93,239496796.23000002,2575234.368064516,"[778494238, 6227065854, 6354162658, 1337108537, 5840378898, 2566536237, 7573341850, 7146604315, 2955315806, 5713374318, 7526479160, 2967372298, 5183365297, 7029444569]"
7402947955,2022-10-09 19:32:16,2022-10-10 19:32:16,14,39,58380201.06999999,1496928.2325641024,"[5695843862, 3019018547, 8196693279, 2941771516, 9314510893, 8151564485, 5300781932, 9757658531, 586470110, 298158671, 5197821541, 9595442487, 8532365083, 3181889302]"
8595932269,2022-10-09 21:37:15,2022-10-10 21:37:15,14,122,226714028.14999998,1858311.7061475408,"[2004089951, 8203618367, 3353237715, 4213628577, 2488252238, 1581215770, 4730328985, 5127131302, 1786141511, 5406061212, 8555631677, 9981631179, 7340216549, 7433817806]"
726309548,2022-10-10 01:39:55,2022-10-11 01:39:55,14,129,244677605.12,1896725.6210852712,"[6777661726, 9513317358, 7905856659, 3740620130, 8478674539, 1122882828, 3787043956, 8991487873, 8092547138, 4114145691, 703629852, 8533760708, 5541829015, 4541779181]"
6190792098,2022-10-09 15:26:25,2022-10-10 15:26:25,14,80,116004752.16999999,1450059.4021249998,"[1466601818, 8421836344, 328708532, 3051046605, 7599776614, 4012380814, 2155541133, 544046397, 4277847789, 6265648497, 6595786926, 9089933356, 360564952, 2311813503]"
1297981007,2022-10-08 14:40:12,2022-10-09 14:40:12,13,82,163424071.42,1992976.480731707,"[8680603474, 8356352677, 1716147499, 3873709927, 3083258824, 6471246790, 4779327798, 7644811653, 8340839283, 7641094460, 4706910827, 2984786622, 9754275737]"
6074776041,2022-10-09 15:35:46,2022-10-10 15:35:46,13,73,148781957.14,2038109.001917808,"[4409849181, 7096794559, 1096192589, 5779112702, 4555746550, 242053291, 438969352, 1580924140, 4956714276, 137122218, 2536255136, 5597248974, 2206044617]"
6541552727,2022-10-07 18:38:31,2022-10-08 18:38:31,13,56,80148229.51,1431218.384107143,"[5240847125, 7551466050, 475649742, 9694142477, 2877832458, 5393260130, 2284368563, 1547154408, 3844741692, 7752965423, 5194239507, 8678069851, 7734814372]"
6116657264,2022-10-07 13:15:44,2022-10-08 13:15:44,13,86,127907447.77000001,1487295.9043023258,"[2883324502, 7749320382, 7541529999, 578267324, 656192169, 1509953998, 2283849585, 1672288255, 7249249682, 144438037, 4551716885, 224176497, 5084849745]"
7647254509,2022-10-08 09:03:43,2022-10-09 09:03:43,13,111,314180934.26,2830458.8672072073,"[364980945, 3675637249, 4597790465, 9263496189, 3940953729, 9797199926, 6476737830, 8258652912, 6698361353, 8380466154, 5507213560, 9291659761, 644008485]"
9831394664,2022-10-08 19:00:41,2022-10-09 19:00:41,13,46,139870739.49,3040668.249782609,"[2335712565, 2585762870, 37292455, 8480174196, 1568271610, 3435119171, 1609527506, 5549519578, 4226975134, 8338453673, 5354232824, 8956093686, 5209948335]"
8389148416,2022-10-07 14:17:20,2022-10-08 14:17:20,13,89,175130113.78999996,1967754.0875280895,"[3487686607, 2753383263, 2392468436, 66319223, 6314435734, 721717864, 8705942251, 1363901484, 3009426762, 5320133137, 7417876118, 2815444709, 7489694854]"
4121324384,2022-10-07 16:55:08,2022-10-08 16:55:08,13,63,122862525.28,1950198.813968254,"[2476331065, 6207531007, 7417210636, 148220861, 8777101435, 1321335569, 8135174919, 114960068, 3732455271, 7840880332, 3405158611, 9281561360, 6345230339]"
8161688542,2022-10-09 10:53:36,2022-10-10 10:53:36,12,37,86451445.20000002,2336525.5459459466,"[746994354, 6883560058, 1659314838, 1606808902, 3240036640, 7352177911, 5075376851, 1126563209, 9413695840, 4292305930, 5220034858, 4099522111]"
2919129351,2022-10-10 00:10:08,2022-10-11 00:10:08,12,111,263252398.5,2371643.2297297297,"[168119405, 7684686405, 8844309641, 3405212433, 6716336581, 8088678610, 8359417252, 4848101896, 5487996707, 3877404785, 1334574456, 9223433152]"
5114330168,2022-10-10 11:15:00,2022-10-11 11:15:00,12,69,114717969.49000001,1662579.2679710146,"[9583381486, 4042908522, 5825438214, 9761439664, 6755110763, 3135397660, 5130741142, 7341305059, 8065766158, 3747714060, 9823381046, 2709930775]"
8987848252,2022-10-07 10:54:39,2022-10-08 10:54:39,12,104,202730748.06,1949334.1159615384,"[6000919396, 1896020736, 7140265767, 338940099, 4344045246, 685567924, 1566990579, 3809653464, 2297324653, 1198366019, 3922951830, 6768477242]"
3847138032,2022-10-09 15:43:24,2022-10-10 15:43:24,12,74,118198929.22999999,1597282.8274324322,"[6825593404, 1722308340, 3279080203, 1040474635, 4139738901, 179043277, 858446992, 5828032803, 3752656800, 6842933700, 609755970, 2194286261]"
6314683838,2022-10-09 21:03:49,2022-10-10 21:03:49,12,107,217284594.99999997,2030697.14953271,"[3174873944, 1283176527, 5256688482, 7381260309, 4691020230, 2773740220, 6167079106, 6281876793, 2317986640, 1849314416, 6674518854, 4814732347]"
1316214385,2022-10-08 18:34:05,2022-10-09 18:34:05,12,48,84386914.14,1758060.71125,"[6925981163, 1386457289, 3949719923, 1695593349, 8292981501, 1170174968, 6812902619, 7310145059, 8143421690, 5118547230, 203569888, 7771149980]"
822870103,2022-10-08 09:56:54,2022-10-09 09:56:54,12,100,166124283.53000003,1661242.8353000004,"[7801753516, 3363369542, 5331761394, 8420641494, 9490302249, 2231868541, 8020368584, 934024515, 946071945, 6519737180, 9151345665, 5888335321]"
1504939866,2022-10-09 20:31:46,2022-10-10 20:31:46,12,30,751189.6,25039.653333333332,"[3735950183, 1436500532, 7128395446, 4375873396, 5226876643, 8026182558, 4791608581, 4632424445, 1160596584, 7276826037, 9366304815, 4471530496]"
5268336723,2022-10-08 17:07:09,2022-10-09 17:07:09,12,57,118636982.24,2081350.565614035,"[7274825202, 4321704253, 5182080332, 2859387023, 2417253813, 1616636300, 2854915881, 223919759, 1473727273, 7135999370, 6037727887, 5578930727]"
4166410983,2022-10-08 19:39:11,2022-10-09 19:39:11,12,39,95609497.66000001,2451525.5810256414,"[7952169170, 5340081509, 2280427313, 2180421426, 8380014361, 8789862377, 3262401740, 8590403872, 6824604680, 1635157663, 971861600, 2889938466]"
6057444675,2022-10-07 16:19:40,2022-10-08 16:19:40,12,66,124144422.94999999,1880976.1053030302,"[9549349263, 9968750046, 7945788794, 9106702668, 8237840407, 3091006690, 9018284593, 1845194308, 517441754, 7534790776, 8861171324, 9333712080]"
1514497590,2022-10-08 15:19:35,2022-10-09 15:19:35,11,64,125285433.68,1957584.90125,"[7123848738, 688736685, 2146872975, 4837890063, 4878356184, 3772936354, 6628101157, 9961531194, 8481833842, 1999607205, 2693980356]"
6078311391,2022-10-10 08:01:55,2022-10-11 08:01:55,11,95,170434541.21999997,1794047.802315789,"[638463225, 6537736660, 2694558455, 9072498275, 2749442363, 7064663960, 3480470215, 1638587842, 9969906518, 9707334053, 835170881]"
9746384104,2022-10-07 12:57:07,2022-10-08 12:57:07,11,73,149378726.71,2046283.9275342466,"[3047959102, 6333926499, 389486199, 6973117783, 6440110871, 4106486424, 8292743930, 8107460466, 2850057473, 8939055432, 4103714509]"
2164414534,2022-10-09 02:16:12,2022-10-10 02:16:12,11,106,176586244.78,1665907.9696226416,"[6177176760, 291725800, 606414037, 1375011371, 2912335918, 7492240253, 5028116683, 4571979858, 4488207463, 5613702710, 4927001143]"
8564946439,2022-10-09 08:12:25,2022-10-10 08:12:25,11,118,261069331.10000002,2212451.9584745765,"[5513198265, 8418048353, 7396925635, 7951881412, 6764475429, 7595001729, 7129303734, 5178754307, 4411161014, 1371614891, 6819667857]"
4387758648,2022-10-10 01:48:04,2022-10-11 01:48:04,11,108,179692172.17,1663816.4089814813,"[5601193795, 7688735276, 6312081134, 3365009547, 6580244980, 5912379197, 9989409022, 1321109573, 7024627714, 1437265109, 6136370931]"
8952177221,2022-10-07 13:53:29,2022-10-08 13:53:29,11,67,115347126.03999999,1721598.896119403,"[4447848214, 6424463145, 6345374341, 3031188286, 5367802555, 5425311148, 5585080337, 6404529552, 4269977194, 901136288, 7715811349]"
8203229522,2022-10-07 11:22:22,2022-10-08 11:22:22,11,81,149339015.09,1843691.5443209878,"[7963107269, 2074126451, 8818164834, 8519194353, 4419703232, 9897263201, 2176869707, 1470548333, 5254058209, 6458021752, 9875317840]"
2927440133,2022-10-10 17:05:21,2022-10-11 17:05:21,11,34,65532877.60000001,1927437.5764705886,"[8630808510, 1927072524, 3176500096, 6447224856, 6719962059, 7092916848, 6807342540, 245613565, 22029832, 7360194991, 2599008858]"
4308900521,2022-10-09 11:40:55,2022-10-10 11:40:55,11,43,70114765.33,1630575.9379069768,"[941703081, 5601279314, 3673625791, 5926018412, 8916687090, 3338078663, 7440618363, 5505768385, 1675908250, 4499783806, 3895787136]"
675669049,2022-10-07 14:14:22,2022-10-08 14:14:22,10,73,133129045.23,1823685.5510958906,"[3559090340, 9462027504, 6705037126, 6744312059, 3764741730, 4898116032, 4348868412, 8956282059, 4848113486, 1567400421]"
1058795957,2022-10-07 16:50:04,2022-10-08 16:50:04,10,71,137384174.45999998,1934988.372676056,"[3402074058, 6841137194, 1035988354, 1683547769, 6555421873, 6357365211, 571921882, 655010806, 7483176960, 3873308362]"
4733901174,2022-10-10 11:58:51,2022-10-11 11:58:51,10,64,131792233.81,2059253.65328125,"[5524940397, 113257800, 5126203785, 103653858, 2529750410, 6560420691, 785081121, 8070297325, 2518161087, 8988295940]"
6433270252,2022-10-08 20:14:36,2022-10-09 20:14:36,10,30,75840065.57,2528002.1856666664,"[6160850782, 605332665, 197603141, 6419074189, 6785819471, 2424783906, 589381673, 5572884251, 7356809434, 4344138984]"
1876814615,2022-10-09 09:46:23,2022-10-10 09:46:23,10,96,167307886.04000002,1742790.4795833335,"[1894511246, 2169510751, 2582254438, 2393557508, 9039914629, 8660945512, 3771767247, 5940553013, 9319995634, 2703738521]"
1491989064,2022-10-07 20:31:42,2022-10-08 20:31:42,10,28,57462517.34,2052232.7621428573,"[9460624653, 4658438113, 5088960637, 8401255335, 3755103279, 2482957386, 7160767531, 3672723354, 478973149, 123413463]"
1701584130,2022-10-09 18:36:53,2022-10-10 18:36:53,10,65,127047177.91,1954571.9678461538,"[5406650429, 3249964888, 2255426262, 6099008601, 7517411810, 7511252461, 9993467900, 5853491331, 2799147754, 6902123495]"
1801299331,2022-10-08 09:36:40,2022-10-09 09:36:40,10,100,172505378.39,1725053.7839,"[751966233, 299623731, 9180661954, 9686696092, 3364144866, 9877065404, 7733832842, 7022695485, 7597002225, 3054954625]"
1639387185,2022-10-08 19:39:33,2022-10-09 19:39:33,10,21,44318751.31,2110416.7290476193,"[5948629539, 4403397813, 1404359075, 3242523143, 5275585600, 9974761843, 4228610562, 2715282841, 4693617066, 2579182767]"
3452368468,2022-10-07 19:10:11,2022-10-08 19:10:11,10,26,54665490.199999996,2102518.8538461537,"[4536194683, 4833559204, 5517479211, 7131477851, 8619713223, 3828135271, 4889103394, 2111706195, 8216433178, 6113978434]"
3430018941,2022-10-10 14:49:44,2022-10-11 14:49:44,10,32,57543259.64,1798226.86375,"[9057926615, 1397284421, 5067223493, 193136227, 9658159205, 2057295552, 9501584955, 9720843990, 9623026881, 650937096]"
623486205,2022-10-10 10:48:22,2022-10-11 10:48:22,9,59,197347824.51999998,3344878.381694915,"[9882538983, 1482521618, 4169699194, 1828804979, 7474771312, 4893196240, 8976264553, 2841111667, 7032280659]"
510435236,2022-10-09 21:00:28,2022-10-10 21:00:28,9,21,666033.15,31715.864285714288,"[6490901196, 5804359369, 6841063887, 8967037987, 4477471948, 6400220348, 7367334151, 1069797253, 750992468]"
2075947276,2022-10-10 14:44:45,2022-10-11 14:44:45,9,35,77723560.5,2220673.157142857,"[58170289, 3050939255, 982320268, 4455075615, 4676671765, 5384573475, 9420689087, 3853989932, 1802584572]"
5077259356,2022-10-09 10:16:51,2022-10-10 10:16:51,9,88,208463880.13000003,2368907.7287500002,"[5287492773, 8639498895, 4365584412, 147230465, 1386170344, 5594954265, 1500589034, 2835232917, 3810545523]"
999710855,2022-10-08 16:59:31,2022-10-09 16:59:31,9,45,97080690.08,2157348.6684444444,"[6968679937, 1600787088, 9391042227, 6407641000, 3624391297, 7676156502, 5371241654, 8154834667, 4704436919]"
9534729015,2022-10-07 13:36:01,2022-10-08 13:36:01,9,64,145596008.91000003,2274937.6392187504,"[1948023764, 7689295746, 1825986618, 8950761727, 6566600689, 2552940134, 8091763232, 3520600371, 4787209426]"
5579295130,2022-10-08 22:48:37,2022-10-09 22:48:37,8,8,9797176.28,1224647.035,"[6540809965, 8946353374, 5065349861, 4334330912, 9302624043, 9909216871, 4794616342, 7850617289]"
9501394791,2022-10-09 11:15:35,2022-10-10 11:15:35,8,17,14777937.03,869290.4135294118,"[9129724531, 4494789501, 2694842890, 2091110007, 5637575192, 2105318351, 91467102, 6145631047]"
935996628,2022-10-08 19:40:29,2022-10-09 19:40:29,8,70,210393146.58999997,3005616.3798571425,"[6875573667, 983494254, 4422977997, 6999168040, 3753450994, 3920080930, 9430375103, 9196378902]"
3513848260,2022-10-08 02:48:41,2022-10-09 02:48:41,8,104,188694173.94,1814367.0571153846,"[1866942443, 730661417, 7886647166, 946692068, 7910994331, 7172777003, 4471270383, 3871085473]"
593021726,2022-10-09 20:31:50,2022-10-10 20:31:50,8,20,32600956.22,1630047.811,"[8168787815, 9189169188, 6772323772, 8426198122, 7532056147, 5148301952, 9605680335, 5967553571]"
9734083970,2022-10-07 17:42:57,2022-10-08 17:42:57,8,30,42738092.52,1424603.084,"[4117514495, 6864265387, 6917865488, 7577540230, 2792106785, 7428731807, 9232891126, 1812525358]"
7612687594,2022-10-08 21:07:54,2022-10-09 21:07:54,8,27,49849557.92,1846279.922962963,"[247731490, 7308659559, 8163286707, 2913649368, 4720556121, 4424803856, 7047190839, 4290051386]"
4727686386,2022-10-10 00:38:02,2022-10-11 00:38:02,8,83,192075849.63000003,2314166.8630120484,"[173351713, 3517838019, 5352108910, 4657971780, 8800806758, 3972512757, 5602114585, 9625023697]"
4775085573,2022-10-07 16:06:17,2022-10-08 16:06:17,7,7,9278391.250000002,1325484.4642857146,"[5588114020, 2505631736, 2129825341, 9922501678, 5459918075, 3253494069, 3896061653]"
2707963887,2022-10-08 11:44:50,2022-10-09 11:44:50,7,7,5215460.85,745065.8357142856,"[886584044, 8013272181, 5683085464, 5857553580, 9918252900, 9949633366, 3254259598]"
4472999799,2022-10-07 20:48:08,2022-10-08 20:48:08,7,8,6572514.35,821564.29375,"[3426042585, 6119061626, 8044958434, 7899840662, 2790690535, 9857535755, 3104121806]"
9599009457,2022-10-07 18:05:01,2022-10-08 18:05:01,7,32,53011439.05,1656607.4703125,"[7106391404, 7617666829, 2870306224, 2048840179, 8402697545, 8900742620, 835931677]"
3621927221,2022-10-09 16:00:31,2022-10-10 16:00:31,7,7,10249935.32,1464276.4742857143,"[6200900939, 4800795228, 6446420714, 6039831632, 9012712743, 3810242977, 4143917357]"
9001798079,2022-10-08 20:44:00,2022-10-09 20:44:00,7,7,88289.37,12612.767142857143,"[9627762994, 2566653345, 8181236448, 8142606921, 9020879180, 6774002890, 7070644850]"
1054167985,2022-10-07 10:40:20,2022-10-08 10:40:20,7,7,7406641.0600000005,1058091.58,"[324741137, 1875606204, 2333746687, 9119717480, 5360850506, 4841784322, 1132867205]"
2041162165,2022-10-09 10:20:41,2022-10-10 10:20:41,7,7,7735796.199999999,1105113.7428571428,"[1508584344, 8199764705, 8444773700, 1448912136, 276170597, 6307251374, 6798465257]"
5624016781,2022-10-08 19:56:37,2022-10-09 19:56:37,7,8,8809494.870000001,1101186.8587500001,"[6810215325, 2739237963, 9084546654, 9897430710, 3239328735, 7158244854, 8494631364]"
5055847696,2022-10-10 11:36:59,2022-10-11 11:36:59,7,38,128400935.75999999,3378971.9936842103,"[6999339616, 357487297, 9823310855, 3829298013, 3632812413, 7794515104, 7356792455]"
3057655234,2022-10-07 15:02:55,2022-10-08 15:02:55,7,7,4998831.2,714118.7428571429,"[9225503359, 4552505442, 7847796, 8568635872, 9381243811, 2290427665, 4613558952]"
900000000085,2022-11-02 14:53:20,2022-11-03 14:53:20,7,7,13775689.410000002,1967955.6300000004,"[900000000098, 900000000088, 900000000089, 900000000092, 900000000094, 900000000090, 900000000099]"
900000000025,2022-11-02 14:20:35,2022-11-03 14:20:35,7,7,13732790.809999999,1961827.2585714285,"[900000000033, 900000000028, 900000000031, 900000000035, 900000000034, 900000000036, 900000000029]"
1604878571,2022-10-10 08:25:13,2022-10-11 08:25:13,7,59,16007047.939999998,271305.89728813554,"[2141087416, 4121350870, 6428812179, 664607502, 847418807, 1355405947, 5075735518]"
1424693007,2022-10-07 13:19:42,2022-10-08 13:19:42,6,7,14243107.18,2034729.597142857,"[6735598947, 6559860014, 2227139280, 7042835632, 8628558285, 7943372332]"
392547744,2022-10-07 15:15:54,2022-10-08 15:15:54,6,7,3262028.54,466004.07714285713,"[8882232082, 8690775629, 7598566836, 7438113776, 9833877678, 9092640967]"
8992550842,2022-10-07 15:05:18,2022-10-08 15:05:18,6,6,1478261.55,246376.92500000002,"[9533152042, 8989162666, 4411515488, 1587909021, 2933138055, 1489915777]"
315737488,2022-10-09 13:44:31,2022-10-10 13:44:31,6,7,8190173.700000001,1170024.8142857144,"[7863582551, 5886496212, 6277655651, 9294162352, 708589189, 8478673014]"
271052879,2022-10-09 16:46:08,2022-10-10 16:46:08,6,7,3674218.99,524888.4271428572,"[5279098560, 2510250457, 4031717003, 2697923723, 5450440859, 1070111805]"
2045618518,2022-10-09 17:00:28,2022-10-10 17:00:28,6,6,24365510.72,4060918.453333333,"[534266261, 7554052206, 595681542, 6520531476, 7892572107, 2375513637]"
1037646963,2022-10-08 23:22:10,2022-10-09 23:22:10,6,6,22030603.799999997,3671767.2999999993,"[5522692699, 5792085271, 3545281975, 3791524866, 5774049005, 8124142512]"
5941316724,2022-10-07 17:30:00,2022-10-08 17:30:00,6,6,2325568.35,387594.72500000003,"[220783463, 2567765025, 4091212304, 3131585864, 6721953985, 3346434381]"
5198002396,2022-10-08 18:49:39,2022-10-09 18:49:39,6,6,2858490.08,476415.01333333337,"[6968794900, 8152930583, 758013630, 3188589711, 971613409, 7815215075]"
6471299605,2022-10-09 18:44:44,2022-10-10 18:44:44,6,7,2157562.57,308223.22428571427,"[8088968740, 604097230, 9542437750, 5988231234, 8896866095, 5875601748]"
8971382931,2022-10-08 15:31:23,2022-10-09 15:31:23,6,7,14615510.54,2087930.077142857,"[9386775569, 2069200826, 8075123864, 3049166046, 3674587505, 4909337475]"
6636772831,2022-10-08 06:48:41,2022-10-09 06:48:41,6,6,4714182.8,785697.1333333333,"[9468000949, 6827416661, 5118753022, 1864766026, 881296286, 2813863694]"
7419021638,2022-10-07 12:31:03,2022-10-08 12:31:03,6,7,4022643.0300000003,574663.29,"[6066672865, 5041337634, 9097565317, 1875434854, 675404855, 6028144553]"
7468481487,2022-10-09 15:54:44,2022-10-10 15:54:44,6,6,4228375.82,704729.3033333333,"[4763106391, 8123966634, 633395983, 622288039, 7797090125, 8357102182]"
7554923197,2022-10-07 23:03:16,2022-10-08 23:03:16,6,6,6713845.26,1118974.21,"[2963545750, 8914463499, 9051631142, 6585796248, 4218502969, 1116860437]"
6212364374,2022-10-08 09:34:20,2022-10-09 09:34:20,6,6,6824789.33,1137464.8883333334,"[2883242868, 6194955414, 6323565199, 1147188420, 3953325150, 4700821692]"
6174306361,2022-10-09 08:53:17,2022-10-10 08:53:17,6,7,12046617.1,1720945.3,"[492651736, 4959390945, 8139945133, 5072150066, 4893039769, 1016394183]"
6420339272,2022-10-08 16:48:22,2022-10-09 16:48:22,6,7,2477541.63,353934.51857142855,"[820103535, 2839038007, 8639959173, 3291377469, 7152182137, 8046056709]"
4472002818,2022-10-08 18:54:48,2022-10-09 18:54:48,6,6,3902776.34,650462.7233333333,"[6152569164, 9096103766, 1638416478, 8074904721, 5585221773, 8698920603]"
8974559268,2022-10-07 10:35:21,2022-10-08 10:35:21,6,7,6637259.15,948179.8785714286,"[3143547511, 3957521318, 7325304291, 9335181558, 7925648955, 4698847440]"
5528300128,2022-10-09 10:06:29,2022-10-10 10:06:29,6,6,15650248.8,2608374.8000000003,"[3902428948, 6489812250, 1837124026, 5371875958, 5620044556, 6470104899]"
8967402463,2022-10-07 19:37:12,2022-10-08 19:37:12,6,6,3430207.05,571701.1749999999,"[7509817240, 3955913269, 9973181652, 4710607990, 851396586, 1784197535]"
8480050564,2022-10-09 11:42:32,2022-10-10 11:42:32,6,6,8227198.9399999995,1371199.8233333332,"[6114546745, 2670288248, 4744008208, 8931466111, 936919634, 8783472472]"
1959244548,2022-10-09 10:31:19,2022-10-10 10:31:19,6,7,3140386.5399999996,448626.6485714285,"[7181611193, 2752243051, 239044171, 4546790112, 1627986287, 4022519468]"
8937492552,2022-10-07 19:05:21,2022-10-08 19:05:21,6,6,2926072.5300000003,487678.75500000006,"[4800725163, 4110817554, 1468183994, 778826661, 9602761844, 6397885973]"
3447613280,2022-10-08 17:43:21,2022-10-09 17:43:21,6,6,52933876.089999996,8822312.681666667,"[525263645, 9251139911, 4403904579, 3360636927, 3004803768, 5558766540]"
3326132093,2022-10-08 18:38:25,2022-10-09 18:38:25,6,6,3760446.4000000004,626741.0666666668,"[8256707627, 9851314601, 5439539925, 1756616042, 820840604, 9455545710]"
4966124255,2022-10-08 19:07:41,2022-10-09 19:07:41,6,7,4849792.54,692827.5057142858,"[9913791532, 6304590052, 2646122430, 3788448181, 1769590811, 4243273892]"
4919852286,2022-10-07 22:45:44,2022-10-08 22:45:44,6,6,5005942.580000001,834323.7633333335,"[3121632276, 7617062651, 2544608457, 3780878420, 8562503877, 9131235695]"
4977123092,2022-10-10 07:56:18,2022-10-11 07:56:18,6,6,6184738.67,1030789.7783333333,"[2430852487, 3572958848, 8179612636, 348392039, 5339453228, 4225407675]"
8501920513,2022-10-07 13:21:01,2022-10-08 13:21:01,6,6,6165454.859999999,1027575.8099999999,"[813395681, 9722096196, 1248210667, 9023752117, 3088684435, 9488471937]"
3394889318,2022-10-09 22:25:23,2022-10-10 22:25:23,6,6,8557295.98,1426215.9966666668,"[2097936853, 5414896414, 8774761682, 6743094401, 9815864862, 7422647167]"
8671495548,2022-10-07 21:23:22,2022-10-08 21:23:22,6,6,1389554.4400000002,231592.4066666667,"[8039218267, 2512185288, 6387816193, 8206334024, 1548767929, 4023122586]"
912164879,2022-10-08 09:32:25,2022-10-09 09:32:25,6,6,3088655.3000000003,514775.88333333336,"[7414953812, 5614992693, 9646292995, 9582582672, 689491312, 7863153864]"
7895563462,2022-10-07 21:05:12,2022-10-08 21:05:12,6,6,24457718.0,4076286.3333333335,"[9530363906, 6306919810, 5363655243, 3936716276, 4139770603, 3813806969]"
2403612939,2022-10-07 19:01:06,2022-10-08 19:01:06,6,6,3325547.6399999997,554257.94,"[7948199429, 2454836944, 5419933109, 8471920153, 5439888917, 2199940848]"
36476669,2022-10-07 11:38:05,2022-10-08 11:38:05,6,6,1397745.4600000002,232957.5766666667,"[458677348, 911524376, 4676946730, 8222855007, 9071839732, 6029455683]"
604321999,2022-10-07 11:02:58,2022-10-08 11:02:58,6,6,4312324.21,718720.7016666667,"[9693438765, 7709589609, 8094107670, 8502632415, 2719749789, 8745048304]"
9609778152,2022-10-07 15:32:27,2022-10-08 15:32:27,6,7,3892779.7,556111.3857142858,"[3609615831, 388067839, 747113181, 3863840936, 1663106058, 5134907479]"
9612811605,2022-10-09 11:07:43,2022-10-10 11:07:43,6,6,4975072.46,829178.7433333333,"[1214830168, 2458606859, 3003914434, 4281906397, 6817079456, 8477559783]"
3758118046,2022-10-09 21:15:55,2022-10-10 21:15:55,5,5,2816596.8,563319.36,"[290208168, 377669591, 1792602773, 6189667870, 6670277228]"
4068605954,2022-10-08 10:28:46,2022-10-09 10:28:46,5,5,2042359.5000000002,408471.9,"[1826451072, 8447805842, 3430492440, 5218157864, 5197853728]"
3954481733,2022-10-07 12:53:50,2022-10-08 12:53:50,5,5,3435115.9,687023.1799999999,"[1310453715, 7498218097, 3599745189, 3419792323, 5814436605]"
4030102487,2022-10-08 06:12:45,2022-10-09 06:12:45,5,5,5618051.59,1123610.318,"[6723593985, 9668578258, 7422076616, 6376375815, 3259649784]"
4058692509,2022-10-07 13:14:29,2022-10-08 13:14:29,5,5,5722386.05,1144477.21,"[6064532869, 3403597772, 1566516005, 7080923430, 8281307911]"
3758384358,2022-10-07 22:49:04,2022-10-08 22:49:04,5,5,5450335.780000001,1090067.1560000002,"[3976772628, 3554853157, 2734552996, 510870911, 7005018289]"
4083626700,2022-10-07 22:45:05,2022-10-08 22:45:05,5,6,4052950.19,675491.6983333334,"[9186784333, 9210118900, 9763296001, 961106986, 6047440269]"
4121839534,2022-10-09 18:13:08,2022-10-10 18:13:08,5,5,4688700.7299999995,937740.146,"[7856658474, 2223253087, 9174440122, 9611698305, 3980466949]"
8030168400,2022-10-08 12:02:17,2022-10-09 12:02:17,5,5,8423399.32,1684679.864,"[5223240503, 6517159719, 9290165161, 2638274512, 6679054704]"
3883907165,2022-10-07 11:01:11,2022-10-08 11:01:11,5,5,3056880.3100000005,611376.0620000002,"[9010197139, 9663002809, 82461318, 164370363, 6738368475]"
3902456849,2022-10-09 14:58:23,2022-10-10 14:58:23,5,5,3011077.94,602215.588,"[1035072414, 2062773423, 4155157402, 3006336582, 4765756517]"
2451278156,2022-10-09 08:23:40,2022-10-10 08:23:40,5,5,9947134.2,1989426.8399999999,"[1691585655, 952810697, 7016423803, 8609506822, 4206286430]"
3770534770,2022-10-08 18:30:29,2022-10-09 18:30:29,5,5,8388728.79,1677745.758,"[6185475509, 6666687348, 9466021457, 1706038568, 9415324268]"
2815237010,2022-10-08 10:32:43,2022-10-09 10:32:43,5,5,4457105.910000001,891421.1820000003,"[2705028501, 9866452269, 3953719360, 8225295122, 1454868931]"
2783631302,2022-10-09 19:25:25,2022-10-10 19:25:25,5,5,2399462.5,479892.5,"[245058679, 1250310508, 5271043388, 8860996782, 5514891180]"
2576272240,2022-10-07 19:29:39,2022-10-08 19:29:39,5,6,7155353.19,1192558.865,"[6921243208, 96549270, 6405364677, 6202715962, 1868178082]"
2534644942,2022-10-08 10:40:54,2022-10-09 10:40:54,5,5,2789187.7700000005,557837.5540000001,"[9772389968, 1504757789, 6737836665, 6894017460, 9793177193]"
2533049025,2022-10-07 13:45:18,2022-10-08 13:45:18,5,6,3125916.64,520986.1066666667,"[8184906326, 8462978044, 9901778006, 8843372156, 3375462469]"
2505275986,2022-10-07 21:19:19,2022-10-08 21:19:19,5,5,3178234.38,635646.8759999999,"[1309177624, 54311524, 3006453690, 3088347894, 9479059959]"
2477541189,2022-10-07 18:33:19,2022-10-08 18:33:19,5,5,7354041.9399999995,1470808.3879999998,"[6257823607, 7897472027, 5204125857, 1111546051, 923383027]"
2403186083,2022-10-07 11:37:39,2022-10-08 11:37:39,5,5,2909655.47,581931.094,"[3115472752, 2655112503, 2318011667, 6137051251, 6903537199]"
2389796156,2022-10-08 08:41:06,2022-10-09 08:41:06,5,5,3827053.95,765410.79,"[5285498776, 9443122358, 4777443639, 3253848217, 7914689191]"
3484692865,2022-10-09 19:29:06,2022-10-10 19:29:06,5,5,8128994.9,1625798.98,"[5133636226, 1342928773, 3596805820, 4322952372, 4015261658]"
3476506914,2022-10-08 12:00:53,2022-10-09 12:00:53,5,5,5177621.2700000005,1035524.2540000001,"[6423597021, 5535048205, 3712462671, 7656361267, 5404844321]"
8724950659,2022-10-09 03:36:48,2022-10-10 03:36:48,5,5,1582548.7299999997,316509.7459999999,"[9806836193, 1580019104, 4679945035, 5943943324, 4699861717]"
3511601905,2022-10-08 14:38:39,2022-10-09 14:38:39,5,5,1353736.3699999999,270747.274,"[3974788749, 1215168315, 5207462205, 5927138873, 1551847156]"
8321985428,2022-10-07 15:24:34,2022-10-08 15:24:34,5,5,1552635.9299999997,310527.1859999999,"[8589862872, 1129995771, 3525431640, 3939834486, 3038739779]"
7992464835,2022-10-08 18:09:01,2022-10-09 18:09:01,5,5,3005931.08,601186.216,"[2337364503, 6538681289, 1088241083, 4193777981, 1827940927]"
7922074390,2022-10-08 17:05:45,2022-10-09 17:05:45,5,6,7775048.63,1295841.4383333332,"[6931999244, 8349375471, 7678438719, 4081713578, 2598479598]"
2357599526,2022-10-07 16:05:25,2022-10-08 16:05:25,5,5,9419162.799999999,1883832.5599999998,"[8966469325, 4871976377, 3129473095, 3074025934, 9431280911]"
7900125583,2022-10-09 08:41:19,2022-10-10 08:41:19,5,5,2899815.12,579963.024,"[9775373940, 6950617008, 3431166341, 7625945339, 7230983392]"
7886576877,2022-10-09 14:34:03,2022-10-10 14:34:03,5,5,2826324.04,565264.808,"[3457350824, 8665132695, 9206014117, 7498145363, 6271933203]"
7849538198,2022-10-07 22:55:26,2022-10-08 22:55:26,5,5,2529976.23,505995.246,"[4851896310, 3921080906, 8822134984, 1549524146, 251364194]"
7835567493,2022-10-07 17:45:01,2022-10-08 17:45:01,5,5,4522002.890000001,904400.5780000001,"[2534336350, 8206863745, 7089634512, 1479357303, 2804789244]"
7671695099,2022-10-07 11:13:02,2022-10-08 11:13:02,5,5,1242169.19,248433.838,"[5312740443, 7786918463, 9491458992, 2026926544, 1958150883]"
8173887384,2022-10-09 20:35:44,2022-10-10 20:35:44,5,5,5173349.9,1034669.9800000001,"[2428676675, 2406083873, 9691049330, 9509217885, 1129731772]"
8210977379,2022-10-08 22:43:16,2022-10-09 22:43:16,5,5,4143232.61,828646.522,"[9488630561, 528415089, 1065418345, 8595541636, 5161614137]"
8718515990,2022-10-08 15:54:17,2022-10-09 15:54:17,5,5,3742624.3499999996,748524.8699999999,"[399704647, 2619044248, 8168792407, 3266944884, 5466019410]"
3534850025,2022-10-09 15:44:04,2022-10-10 15:44:04,5,5,2657092.5999999996,531418.5199999999,"[4961214474, 7121039353, 4667939911, 4418958019, 2720267901]"
8685037805,2022-10-08 20:01:11,2022-10-09 20:01:11,5,5,2996759.45,599351.89,"[7576374300, 4278063017, 9844421029, 5189984380, 8702560027]"
8600542721,2022-10-09 17:24:44,2022-10-10 17:24:44,5,5,1463502.06,292700.412,"[871893290, 829224585, 9334592441, 7863533708, 5111509251]"
8544620861,2022-10-08 23:16:06,2022-10-09 23:16:06,5,5,2414727.9,482945.57999999996,"[2065127925, 1904642484, 2465980180, 4673375544, 2861863561]"
8515670469,2022-10-07 21:44:35,2022-10-08 21:44:35,5,5,3547830.6100000003,709566.1220000001,"[5307015134, 7606780765, 6960667412, 5412954802, 2826852420]"
8457761196,2022-10-07 19:05:00,2022-10-08 19:05:00,5,5,9224759.79,1844951.9579999999,"[5242632452, 9690126400, 7853779921, 1275202427, 8147118304]"
5825782232,2022-10-09 19:28:29,2022-10-10 19:28:29,5,5,4490291.67,898058.334,"[5958616996, 7476857111, 7133384858, 7384925644, 9897303639]"
2331580259,2022-10-07 15:46:31,2022-10-08 15:46:31,5,5,3164338.61,632867.722,"[5018249869, 3843557289, 6141138114, 2249138919, 3080060961]"
3698845126,2022-10-08 23:00:36,2022-10-09 23:00:36,5,5,3497818.59,699563.718,"[4540476418, 6587458588, 943590364, 4196508537, 3306324340]"
3546760302,2022-10-08 13:31:19,2022-10-09 13:31:19,5,5,3673048.8400000003,734609.768,"[4858692308, 8410339124, 2239858883, 1959248868, 1074414026]"
3539466560,2022-10-08 02:18:31,2022-10-09 02:18:31,5,5,8734595.07,1746919.014,"[2077847059, 5058953474, 2493909644, 93312290, 8297351192]"
2362288245,2022-10-09 16:10:08,2022-10-10 16:10:08,5,5,4451987.289999999,890397.4579999999,"[8043647825, 9365092467, 3095531731, 7643826620, 5045313819]"
5607680555,2022-10-08 20:56:11,2022-10-09 20:56:11,5,5,2311401.12,462280.22400000005,"[7795488533, 4836478488, 5260412653, 7257609123, 5696858217]"
2836869610,2022-10-09 10:29:12,2022-10-10 10:29:12,5,8,6652427.890000001,831553.4862500001,"[4748515656, 3756641814, 8002125345, 5890893354, 7601628361]"
4595501668,2022-10-08 10:21:34,2022-10-09 10:21:34,5,6,10516165.71,1752694.2850000001,"[1552381575, 509634696, 9330289891, 4788571066, 5380030919]"
4567874256,2022-10-09 14:03:17,2022-10-10 14:03:17,5,5,2197670.4899999998,439534.09799999994,"[3449354506, 1957541236, 9168651684, 6465536198, 9894099650]"
4545990731,2022-10-07 15:52:38,2022-10-08 15:52:38,5,5,3219041.5000000005,643808.3,"[6892637155, 3692957005, 2249626306, 754088636, 9407293863]"
4525583383,2022-10-09 20:16:51,2022-10-10 20:16:51,5,5,11485542.22,2297108.444,"[4532594024, 5117263027, 5406489032, 4150414092, 5873393868]"
4500681468,2022-10-08 00:49:00,2022-10-09 00:49:00,5,5,6592394.55,1318478.91,"[2120244839, 3921885654, 6133479192, 2100480357, 8891205935]"
4945652595,2022-10-08 02:42:52,2022-10-09 02:42:52,5,5,5791478.72,1158295.744,"[8802082628, 1845801840, 70385158, 1221341852, 2282678071]"
4419556317,2022-10-08 19:30:42,2022-10-09 19:30:42,5,5,5352168.760000001,1070433.752,"[8407517491, 2829156878, 9393636856, 82505537, 827916874]"
4408359913,2022-10-08 11:48:19,2022-10-09 11:48:19,5,5,2337960.81,467592.162,"[5830054876, 4337889250, 6537000615, 5410730699, 7400254100]"
4407302829,2022-10-09 05:05:15,2022-10-10 05:05:15,5,5,4141943.1799999997,828388.6359999999,"[7221337533, 4768734155, 6169640798, 6303988685, 8758331422]"
4379144095,2022-10-08 19:23:57,2022-10-09 19:23:57,5,5,682124.1599999999,136424.832,"[4521804997, 2170009807, 7714899761, 2403932762, 527862791]"
4357933908,2022-10-08 21:36:25,2022-10-09 21:36:25,5,5,2065680.21,413136.042,"[1456258363, 4507997943, 2256939002, 6727652637, 8752179924]"
4924839218,2022-10-07 13:09:54,2022-10-08 13:09:54,5,5,1669731.99,333946.398,"[9567308380, 8660976387, 4424444887, 8388434105, 7407638967]"
4330799930,2022-10-07 14:02:32,2022-10-08 14:02:32,5,5,744763.5299999999,148952.70599999998,"[3633153404, 654564101, 3370953094, 1659795107, 7333700603]"
4892173989,2022-10-07 12:34:03,2022-10-08 12:34:03,5,5,1826011.5899999999,365202.31799999997,"[3398200543, 8900842727, 9852755036, 3470974183, 6522990818]"
4883335294,2022-10-09 11:44:25,2022-10-10 11:44:25,5,5,10858679.9,2171735.98,"[6169483162, 403394091, 3465702405, 3381165091, 3947248085]"
4881989528,2022-10-07 19:39:44,2022-10-08 19:39:44,5,5,1947727.5899999999,389545.518,"[9709286864, 9634240334, 4686176613, 2827937417, 4777157320]"
4808614002,2022-10-08 08:22:36,2022-10-09 08:22:36,5,7,8275006.399999999,1182143.7714285713,"[8630025948, 6123411769, 4965009326, 4754964066, 844336899]"
4784991805,2022-10-09 16:28:11,2022-10-10 16:28:11,5,5,5359611.220000001,1071922.2440000002,"[135431080, 9275764249, 2591899148, 8812100825, 3377904888]"
4672005977,2022-10-08 09:13:51,2022-10-09 09:13:51,5,5,3022364.0200000005,604472.8040000001,"[1202031598, 8173299287, 1856087106, 3571604270, 419995026]"
9859110448,2022-10-09 13:51:44,2022-10-10 13:51:44,5,5,3768203.1,753640.62,"[9756988117, 6288998588, 9216670939, 3192615786, 6548378877]"
9866776567,2022-10-08 17:02:22,2022-10-09 17:02:22,5,6,18585.62,3097.603333333333,"[3840200435, 2939415203, 5273716238, 1732545486, 415954221]"
4663571508,2022-10-07 17:53:29,2022-10-08 17:53:29,5,5,1802224.0599999998,360444.812,"[398142148, 1440838065, 6092366445, 3450698771, 6109276040]"
8054751831,2022-10-09 19:21:16,2022-10-10 19:21:16,5,5,5318686.88,1063737.376,"[9420314368, 2731629658, 8071438097, 5967495456, 9670356084]"
4594125641,2022-10-08 16:12:38,2022-10-09 16:12:38,5,5,7907719.61,1581543.922,"[8104304647, 5526529911, 4091720610, 5984193868, 6614355036]"
5358114791,2022-10-09 20:15:57,2022-10-10 20:15:57,5,5,6675320.850000001,1335064.1700000002,"[6853400621, 7834970261, 6137380991, 1828944212, 272273309]"
2921499040,2022-10-09 09:41:31,2022-10-10 09:41:31,5,5,190808866.73,38161773.346,"[3100086943, 2769935153, 8036991133, 3641869309, 4678675461]"
5074512347,2022-10-09 12:30:57,2022-10-10 12:30:57,5,5,13226085.68,2645217.136,"[8715116512, 635561305, 2992111736, 861934601, 2881099589]"
3293721222,2022-10-07 15:00:18,2022-10-08 15:00:18,5,5,1681959.93,336391.986,"[2607375397, 9570534235, 1656738405, 7741969546, 5845546986]"
3080025785,2022-10-07 21:34:50,2022-10-08 21:34:50,5,6,17603177.29,2933862.8816666664,"[6223382607, 7530264152, 3348509166, 3369522804, 5639936726]"
2980873343,2022-10-09 16:57:26,2022-10-10 16:57:26,5,5,9221014.92,1844202.984,"[1779981083, 7571878519, 3152185158, 5601376909, 8905205100]"
2957440955,2022-10-09 18:38:43,2022-10-10 18:38:43,5,6,2077836.4899999998,346306.0816666666,"[6386425117, 9690858189, 7041127807, 6807377715, 28973256]"
4307611300,2022-10-08 08:56:31,2022-10-09 08:56:31,5,5,8986541.0,1797308.2,"[3376993380, 671475232, 5185136612, 3940821039, 1897052560]"
9811317821,2022-10-07 11:05:48,2022-10-08 11:05:48,5,5,2591115.97,518223.194,"[184266234, 1813014634, 6084543155, 7448621002, 8166744269]"
5185722813,2022-10-07 13:30:41,2022-10-08 13:30:41,5,5,5208137.67,1041627.534,"[9912730379, 1567091070, 2916249192, 2707391156, 45965472]"
5179099063,2022-10-09 18:27:22,2022-10-10 18:27:22,5,5,5344261.51,1068852.302,"[6549651980, 8555461965, 6025114057, 1567819578, 4797870187]"
5169629077,2022-10-07 20:31:58,2022-10-08 20:31:58,5,6,6453305.219999999,1075550.8699999999,"[3082158987, 401129551, 2048407152, 9687917156, 4635502061]"
5119883991,2022-10-08 19:51:50,2022-10-09 19:51:50,5,5,4638376.11,927675.2220000001,"[7595771269, 9568812717, 1883157393, 9345112076, 7182345439]"
4989799808,2022-10-07 13:37:15,2022-10-08 13:37:15,5,5,7930139.57,1586027.914,"[5942970514, 1252774878, 8434703610, 7688799525, 2651441538]"
5469723863,2022-10-08 21:17:25,2022-10-09 21:17:25,5,5,2863556.98,572711.396,"[7866743318, 7400280178, 7809148032, 2963742360, 6738673854]"
9773480867,2022-10-08 14:19:34,2022-10-09 14:19:34,5,5,1974309.92,394861.984,"[8682450686, 555561435, 5109841344, 2756599688, 8416292813]"
5301128094,2022-10-09 14:54:51,2022-10-10 14:54:51,5,5,4319731.72,863946.3439999999,"[11985403, 7521491854, 5280027447, 9829979650, 9754547024]"
5333274247,2022-10-07 17:01:25,2022-10-08 17:01:25,5,5,4969369.79,993873.958,"[4105151032, 419973041, 9626574986, 4002824265, 1170455033]"
5769453146,2022-10-08 14:31:07,2022-10-09 14:31:07,5,6,13205773.62,2200962.27,"[8683422620, 4495137748, 5361645530, 113279426, 9850671702]"
5748489103,2022-10-08 21:21:58,2022-10-09 21:21:58,5,5,6842055.699999999,1368411.14,"[7067073417, 7909213375, 852237169, 383512151, 6137865155]"
5691314632,2022-10-10 04:04:36,2022-10-11 04:04:36,5,5,2786460.8600000003,557292.172,"[1628694806, 8450757148, 5187122348, 6648475301, 342474201]"
5663945957,2022-10-08 02:59:02,2022-10-09 02:59:02,5,5,1575657.4000000001,315131.48000000004,"[9411476803, 6051301292, 2572784296, 3397734698, 7109466235]"
5642727960,2022-10-09 18:53:32,2022-10-10 18:53:32,5,5,1038366.2500000001,207673.25000000003,"[6547758368, 4889694937, 2882275094, 4349832109, 6315059784]"
5503043137,2022-10-10 03:57:50,2022-10-11 03:57:50,5,5,4443343.81,888668.7619999999,"[5321558836, 1610368186, 8498645435, 7613062176, 3467526123]"
5486926499,2022-10-08 12:32:59,2022-10-09 12:32:59,5,5,7501364.67,1500272.934,"[5673038938, 4764524223, 1653276517, 958006370, 73472489]"
8039988521,2022-10-09 02:06:49,2022-10-10 02:06:49,5,5,1889584.1800000002,377916.836,"[1037873498, 6833150305, 5247041092, 3696636195, 496280314]"
1992366588,2022-10-08 05:34:13,2022-10-09 05:34:13,5,5,5845991.99,1169198.398,"[6508469751, 9767047003, 3486772762, 6208403456, 9798431498]"
7905591095,2022-10-08 07:57:08,2022-10-09 07:57:08,5,5,3268413.96,653682.792,"[5280830670, 4224320425, 7755592708, 2153817444, 2212106286]"
1090428439,2022-10-09 22:07:27,2022-10-10 22:07:27,5,5,5632085.140000001,1126417.0280000002,"[6853979409, 2212606832, 5549423989, 5268622287, 6896852817]"
1496915925,2022-10-09 08:32:13,2022-10-10 08:32:13,5,5,7859075.16,1571815.0320000001,"[3117095416, 7780397398, 2513880130, 2327348321, 6109735952]"
1576773608,2022-10-07 14:22:48,2022-10-08 14:22:48,5,5,5401360.22,1080272.044,"[9452097962, 3863523244, 4347144701, 1805486435, 8189515250]"
1597507543,2022-10-07 14:03:42,2022-10-08 14:03:42,5,5,2005774.37,401154.874,"[7800597966, 5587829044, 9185225342, 4036521667, 4498138915]"
1619111941,2022-10-09 22:06:54,2022-10-10 22:06:54,5,5,4258686.58,851737.316,"[8027726350, 3437085938, 8360441095, 6499105576, 9512877885]"
1696699442,2022-10-07 23:49:25,2022-10-08 23:49:25,5,5,2314372.77,462874.554,"[2415534116, 6155724144, 7491964452, 2845934483, 6198988418]"
1798141400,2022-10-09 12:48:14,2022-10-10 12:48:14,5,5,7770966.48,1554193.296,"[3084346937, 2619810533, 758527657, 2973855684, 1637996722]"
9938789679,2022-10-09 13:39:02,2022-10-10 13:39:02,5,5,2571760.1900000004,514352.03800000006,"[3736410301, 5163528169, 9740223658, 208557573, 3077707655]"
1001154860,2022-10-08 19:29:01,2022-10-09 19:29:01,5,5,7894508.65,1578901.73,"[6315558733, 3675155788, 3703247052, 6057116151, 650075810]"
1027076246,2022-10-07 20:43:28,2022-10-08 20:43:28,5,5,12771204.32,2554240.864,"[5222097228, 6576331418, 960851522, 9600930539, 3651032536]"
1065695621,2022-10-08 00:41:10,2022-10-09 00:41:10,5,7,5554008.0600000005,793429.7228571429,"[424454876, 9747433872, 3680880724, 2839543617, 8325354378]"
1207494413,2022-10-07 11:50:40,2022-10-08 11:50:40,5,5,6503514.67,1300702.934,"[2151922703, 3297404335, 4763012938, 7783725087, 722632856]"
372595155,2022-10-07 12:26:18,2022-10-08 12:26:18,5,5,7678563.82,1535712.764,"[6754524587, 6163750657, 2951768195, 2419912870, 2508245143]"
1218459278,2022-10-09 19:54:32,2022-10-10 19:54:32,5,5,1221916.7700000003,244383.35400000005,"[8831891923, 2187288781, 9089638145, 6963858662, 5103578710]"
1259979237,2022-10-09 22:04:03,2022-10-10 22:04:03,5,5,3548453.7399999998,709690.7479999999,"[2940355474, 1604718481, 5479540889, 7894393441, 8752820251]"
1365245330,2022-10-07 23:53:57,2022-10-08 23:53:57,5,5,13408774.86,2681754.972,"[4427309988, 9773418691, 9640187662, 7427140658, 2233977051]"
982044320,2022-10-08 01:45:06,2022-10-09 01:45:06,5,5,3112206.34,622441.2679999999,"[5720390340, 8430893567, 3690461452, 3388220653, 8861616258]"
2321194881,2022-10-09 19:34:49,2022-10-10 19:34:49,5,5,4794125.13,958825.026,"[273418057, 1198677424, 9008337192, 4959543929, 5332176265]"
7283160547,2022-10-07 18:29:31,2022-10-08 18:29:31,5,5,7147289.66,1429457.932,"[6244535961, 6791353745, 9314261536, 2137177116, 9201001004]"
7192588619,2022-10-08 16:32:46,2022-10-09 16:32:46,5,6,5858341.28,976390.2133333334,"[2974189280, 7181607006, 5610358688, 8767817649, 7833148525]"
7095606615,2022-10-09 18:39:51,2022-10-10 18:39:51,5,6,3784155.7899999996,630692.6316666666,"[5510215563, 9271022413, 1854197018, 1538614503, 4438376800]"
7039738145,2022-10-08 23:55:01,2022-10-09 23:55:01,5,5,2638532.68,527706.5360000001,"[157775391, 2902066978, 389634256, 4378679109, 2328417739]"
6992575134,2022-10-07 19:18:33,2022-10-08 19:18:33,5,5,3833139.15,766627.83,"[3256363876, 859112397, 8428702060, 6672836177, 6874931045]"
1483277195,2022-10-07 13:12:13,2022-10-08 13:12:13,5,5,4335101.99,867020.398,"[4726958637, 4320287485, 1793636152, 2972497192, 2048226863]"
274239431,2022-10-07 15:40:40,2022-10-08 15:40:40,5,5,7314824.49,1462964.898,"[6635382937, 1733829005, 5026003967, 8470336947, 7953897873]"
6958875534,2022-10-08 17:49:40,2022-10-09 17:49:40,5,5,918852.8,183770.56,"[5987378944, 2988732072, 3743478123, 5771380615, 5172994896]"
458136583,2022-10-08 09:53:32,2022-10-09 09:53:32,5,5,1922321.5999999999,384464.31999999995,"[729926155, 4229485257, 9090814774, 9854176192, 3482795856]"
2147433836,2022-10-07 14:59:22,2022-10-08 14:59:22,5,5,5954869.26,1190973.852,"[6180757780, 1381561699, 1771931413, 1681814846, 4155042433]"
2143937087,2022-10-07 14:24:24,2022-10-08 14:24:24,5,5,3764717.3400000003,752943.4680000001,"[5822945862, 9713248285, 5966109204, 755333294, 7516974220]"
1890157187,2022-10-07 17:51:06,2022-10-08 17:51:06,5,5,5180817.06,1036163.4119999999,"[6104014866, 9289741226, 1755052941, 9972343153, 893012736]"
2203595646,2022-10-07 18:43:25,2022-10-08 18:43:25,5,5,1368245.17,273649.034,"[375879580, 1786933785, 7073028357, 1323075232, 9387484195]"
2066813513,2022-10-07 22:53:07,2022-10-08 22:53:07,5,5,3331112.5300000003,666222.506,"[282395712, 4060952495, 3930259803, 6901004209, 1332059398]"
2028040359,2022-10-07 14:35:45,2022-10-08 14:35:45,5,5,3110758.5599999996,622151.7119999999,"[5185511678, 7706784273, 3057662389, 8249182344, 81693684]"
9633221390,2022-10-08 15:38:17,2022-10-09 15:38:17,5,5,6179011.32,1235802.264,"[1409255884, 5262578505, 9823568061, 4981348377, 8426892564]"
608997915,2022-10-08 20:46:22,2022-10-09 20:46:22,5,6,6166954.05,1027825.6749999999,"[4975393053, 7040140054, 5092152216, 7685955671, 433828017]"
478932706,2022-10-08 02:47:46,2022-10-09 02:47:46,5,5,9031658.549999999,1806331.7099999997,"[9479978090, 203472826, 8894246251, 6881485479, 9184163790]"
499728979,2022-10-09 07:44:37,2022-10-10 07:44:37,5,5,2303602.86,460720.572,"[9507222571, 6471728949, 2113005777, 4791478151, 9643098118]"
652443743,2022-10-07 23:14:21,2022-10-08 23:14:21,5,5,5873316.71,1174663.342,"[1807375124, 2782526605, 2711380779, 7902555180, 9816199535]"
151970486,2022-10-08 12:16:33,2022-10-09 12:16:33,5,5,5904534.359999999,1180906.872,"[4808280164, 1481164799, 8707156338, 3759415493, 296828733]"
695482229,2022-10-09 21:30:39,2022-10-10 21:30:39,5,5,14063471.919999998,2812694.3839999996,"[1970138919, 546743145, 6660623734, 6414873592, 6292706332]"
733455243,2022-10-08 05:02:47,2022-10-09 05:02:47,5,5,2429037.03,485807.40599999996,"[6445681331, 8213450122, 5905496294, 8409261224, 5539227192]"
737472883,2022-10-07 16:02:16,2022-10-08 16:02:16,5,6,8556008.61,1426001.4349999998,"[3884455614, 7165058356, 6656900779, 5498442219, 2828263190]"
742695398,2022-10-09 17:41:33,2022-10-10 17:41:33,5,5,181899571.99,36379914.398,"[9316261757, 4283381135, 9602242829, 1783122330, 3342641261]"
789970919,2022-10-08 10:47:59,2022-10-09 10:47:59,5,5,2838307.26,567661.4519999999,"[1774947262, 5852298091, 6504017634, 9690509023, 2699064162]"
104076022,2022-10-08 13:30:10,2022-10-09 13:30:10,5,5,4702051.199999999,940410.2399999999,"[3451692135, 7965833440, 6654960449, 8527167763, 2816434723]"
9972703278,2022-10-07 13:47:22,2022-10-08 13:47:22,5,5,5961057.26,1192211.452,"[8469060605, 1972481377, 563586259, 740058779, 7596351126]"
44700745,2022-10-09 19:23:17,2022-10-10 19:23:17,5,5,1866199.7099999997,373239.9419999999,"[7310869185, 5603380175, 6093130684, 9079519891, 5818839427]"
45961652,2022-10-09 09:48:33,2022-10-10 09:48:33,5,5,1258189.32,251637.864,"[9477275907, 1340485141, 8396954504, 867552300, 606623763]"
131408312,2022-10-08 23:19:55,2022-10-09 23:19:55,5,5,6995980.63,1399196.126,"[1786607290, 3356910609, 4008546022, 7480365935, 3341278925]"
6971708307,2022-10-10 02:11:37,2022-10-11 02:11:37,5,5,9227690.3,1845538.06,"[8459336981, 5754856527, 6056096507, 2670944286, 2201976726]"
6915047504,2022-10-09 09:12:12,2022-10-10 09:12:12,5,5,2514474.33,502894.86600000004,"[5011018619, 183157513, 4684617839, 5559107270, 654925274]"
8734789979,2022-10-08 20:49:59,2022-10-09 20:49:59,5,5,8001230.71,1600246.142,"[3565877508, 6120443069, 2820740110, 5495917014, 928928794]"
9237470614,2022-10-08 14:47:10,2022-10-09 14:47:10,5,5,18209373.849999998,3641874.7699999996,"[394402574, 208892224, 9562351777, 6978345679, 10712354]"
6145026715,2022-10-07 12:57:01,2022-10-08 12:57:01,5,6,4414007.85,735667.975,"[4309668314, 5166126697, 4164956470, 9279920074, 3187463874]"
6162961822,2022-10-07 22:10:32,2022-10-08 22:10:32,5,5,4220838.74,844167.748,"[466881718, 4821769218, 1956602673, 6260418074, 9548909641]"
6164766457,2022-10-07 23:20:12,2022-10-08 23:20:12,5,6,6484673.0200000005,1080778.8366666667,"[5385825397, 2892018604, 6284302154, 2863981705, 5841425469]"
6168420193,2022-10-08 23:21:04,2022-10-09 23:21:04,5,6,7833850.13,1305641.6883333332,"[4465233934, 3896357672, 1322836105, 1855482729, 1523975593]"
6465379597,2022-10-08 20:10:41,2022-10-09 20:10:41,5,5,1685194.82,337038.96400000004,"[243606058, 5782137309, 416439386, 5398265710, 9010121018]"
6425422701,2022-10-09 20:04:31,2022-10-10 20:04:31,5,5,1824177.2000000002,364835.44000000006,"[2508490525, 1592238135, 5361812583, 1406777979, 5473625501]"
6351828759,2022-10-09 19:50:03,2022-10-10 19:50:03,5,5,2271550.27,454310.054,"[2922536205, 656044102, 8690564123, 1567297776, 6418761010]"
6287145929,2022-10-08 15:54:53,2022-10-09 15:54:53,5,5,4791400.27,958280.0539999999,"[7668531040, 3766379576, 2823858485, 6504661252, 6372031483]"
6249338911,2022-10-07 21:29:04,2022-10-08 21:29:04,5,5,1350661.9,270132.38,"[3341752163, 1207491214, 9394612146, 5066156066, 7872833597]"
6202126185,2022-10-08 22:11:39,2022-10-09 22:11:39,5,5,2133374.04,426674.808,"[5499087687, 6697576595, 5188830288, 8317310048, 8415143625]"
9165589838,2022-10-08 04:11:02,2022-10-09 04:11:02,5,6,4285254.49,714209.0816666667,"[1702687739, 370505906, 5690594939, 2169143316, 5678901127]"
5842975523,2022-10-09 04:55:39,2022-10-10 04:55:39,5,6,1793448.97,298908.1616666667,"[2848530492, 4086501232, 7047806389, 1520580335, 4918963225]"
9140672469,2022-10-07 21:13:41,2022-10-08 21:13:41,5,5,7255640.470000001,1451128.094,"[7111397931, 5329992529, 7092430203, 5497250862, 4766239970]"
9066701812,2022-10-08 07:35:11,2022-10-09 07:35:11,5,5,23476269.83,4695253.966,"[2395078418, 2790875745, 1678716564, 9171518586, 1224015128]"
8833482301,2022-10-08 09:40:33,2022-10-09 09:40:33,5,5,1684285.8499999999,336857.17,"[3118664663, 6818592722, 6243095153, 823556231, 2129087999]"
8912097394,2022-10-09 17:44:08,2022-10-10 17:44:08,5,5,6276398.909999999,1255279.782,"[1695747562, 8149088213, 9330637741, 5618710275, 1240106051]"
8868840963,2022-10-07 16:21:19,2022-10-08 16:21:19,5,5,3335075.41,667015.082,"[9955265452, 1461619121, 4274456768, 2951122716, 4464797366]"
9241367262,2022-10-08 08:19:40,2022-10-09 08:19:40,5,5,8180759.049999999,1636151.8099999998,"[964599155, 6713806577, 5114779597, 3471728034, 6389054623]"
9292283602,2022-10-09 20:19:47,2022-10-10 20:19:47,5,5,6892207.989999999,1378441.5979999998,"[3813463286, 9674919065, 3523922106, 7850819365, 8276461978]"
9611218127,2022-10-09 02:44:54,2022-10-10 02:44:54,5,5,7622131.39,1524426.278,"[2091377547, 7770749772, 1523627471, 6207249747, 8560918363]"
9605444077,2022-10-07 16:27:07,2022-10-08 16:27:07,5,5,1896633.85,379326.77,"[5600533886, 4116931856, 9460121871, 1600048083, 1196107726]"
9702680613,2022-10-07 15:23:29,2022-10-08 15:23:29,5,5,6830107.45,1366021.49,"[4223287156, 4372513948, 9280184365, 9588768529, 7428739953]"
5833464274,2022-10-08 13:23:27,2022-10-09 13:23:27,5,5,1886737.98,377347.596,"[7883811364, 7449676649, 1828676072, 3355206635, 2668001939]"
5851883842,2022-10-09 16:32:10,2022-10-10 16:32:10,5,6,6662118.130000001,1110353.0216666667,"[3223594598, 8373405287, 5198515911, 8382476834, 6188643830]"
6910189328,2022-10-10 09:08:34,2022-10-11 09:08:34,5,5,2741184.9299999997,548236.9859999999,"[5097716971, 9389082647, 2584658285, 148546652, 9648768313]"
7620679872,2022-10-08 17:44:35,2022-10-09 17:44:35,5,5,3521116.6799999997,704223.3359999999,"[9777033700, 5460181526, 707944175, 4916020979, 4831893055]"
6896368083,2022-10-08 18:39:24,2022-10-09 18:39:24,5,5,2542979.46,508595.892,"[1341325734, 3014994742, 7894700798, 5284718406, 596059541]"
6765614327,2022-10-08 10:29:33,2022-10-09 10:29:33,5,5,15409368.9,3081873.7800000003,"[8067674759, 7964092024, 9913501751, 2459997435, 8260425835]"
6764518163,2022-10-07 20:03:10,2022-10-08 20:03:10,5,6,2079450.5399999998,346575.08999999997,"[7386992702, 4799450949, 6787076333, 80705955, 2222837149]"
6763528635,2022-10-07 22:58:50,2022-10-08 22:58:50,5,5,4384215.34,876843.068,"[3807085132, 3357122651, 8590321671, 8421061182, 4120125138]"
6744599788,2022-10-09 08:20:58,2022-10-10 08:20:58,5,5,3524583.9299999997,704916.786,"[9647322263, 4830035713, 9115459537, 1698816381, 7732371479]"
6725161262,2022-10-09 04:39:14,2022-10-10 04:39:14,5,5,3950141.66,790028.332,"[9138422167, 2760297285, 3693272937, 8858345645, 8481277927]"
7287194587,2022-10-09 14:59:25,2022-10-10 14:59:25,5,10,9314682.450000001,931468.2450000001,"[4973288359, 7550797211, 9060124697, 8688681261, 9231839568]"
7293699462,2022-10-07 17:58:28,2022-10-08 17:58:28,5,5,3188163.15,637632.63,"[9303564168, 1500359112, 4913371211, 7051139154, 4353082917]"
7338241769,2022-10-09 09:02:26,2022-10-10 09:02:26,5,5,7650184.11,1530036.8220000002,"[9046984102, 4816868586, 7995984926, 9005099151, 135880732]"
7644651485,2022-10-07 16:22:12,2022-10-08 16:22:12,5,5,2759545.38,551909.076,"[416943281, 2609488899, 6032340239, 5217759570, 6567317333]"
7597465145,2022-10-09 16:59:30,2022-10-10 16:59:30,5,5,5635062.950000001,1127012.5900000003,"[1785916594, 5436076611, 9260436308, 4445351001, 624324867]"
5868277189,2022-10-07 14:13:00,2022-10-08 14:13:00,5,5,5098059.390000001,1019611.8780000001,"[4621276676, 3497858008, 4222108144, 7085484715, 5745028084]"
7461673704,2022-10-08 13:35:19,2022-10-09 13:35:19,5,5,9543352.78,1908670.5559999999,"[3666666125, 3936768111, 6450221575, 4602907595, 5785533491]"
7402534697,2022-10-07 21:17:46,2022-10-08 21:17:46,5,6,7321076.24,1220179.3733333333,"[7382951430, 9093821678, 8816653387, 4303150310, 1907915531]"
7352274760,2022-10-09 20:49:17,2022-10-10 20:49:17,5,5,5187241.569999999,1037448.3139999999,"[8406586050, 6044180786, 4613325765, 7833382871, 3107979939]"
7347680635,2022-10-07 23:53:55,2022-10-08 23:53:55,5,5,810316.04,162063.208,"[9137352254, 7000598275, 375305464, 8559162071, 6508414662]"
6723563399,2022-10-08 23:55:11,2022-10-09 23:55:11,5,5,1768573.55,353714.71,"[3879026098, 7565368325, 3438965798, 1685340856, 4730781289]"
6589200994,2022-10-09 14:13:08,2022-10-10 14:13:08,5,7,7537088.95,1076726.9928571428,"[6234888560, 3774663764, 2934163280, 3488583630, 7233174426]"
6123762963,2022-10-09 18:10:43,2022-10-10 18:10:43,5,5,6008319.76,1201663.952,"[6074047214, 9335639967, 3555048520, 3615639827, 4558738792]"
5968507161,2022-10-07 18:29:27,2022-10-08 18:29:27,5,5,2672074.21,534414.842,"[6719122018, 2805187767, 4736621038, 1102039947, 8456656950]"
5882373844,2022-10-08 08:11:12,2022-10-09 08:11:12,5,5,5397837.460000001,1079567.492,"[2675674657, 4293752656, 5489576111, 8552503361, 3102160056]"
5879667469,2022-10-09 20:15:36,2022-10-10 20:15:36,5,5,2037222.36,407444.472,"[8682512093, 959695560, 4723293429, 5665736399, 7486306059]"
4629970029,2022-10-09 13:51:31,2022-10-10 13:51:31,5,5,4357046.91,871409.382,"[6465075792, 4329023229, 255300553, 2516715912, 67839075]"
